,이름,우편번호,주소,전화번호,이메일
0,홍정호,78490,세종특별자치시 강서구 테헤란가,052-678-8463,bagseoyeon@example.net
1,남영숙,13696,인천광역시 은평구 논현0가,051-114-2379,ogyeonghyi@example.net
2,박춘자,13298,전라북도 성남시 서초중앙길,044-029-7031,baejeongung@example.net
3,김정식,17114,제주특별자치도 속초시 서초대57거리,031-475-4919,haeuncoe@example.org
4,류영희,61452,인천광역시 용산구 석촌호수거리,043-060-5145,ogjahan@example.net
5,박수민,67209,경기도 청주시 청원구 테헤란가 (숙자황이읍),017-590-3951,baggwangsu@example.org
6,김서윤,98842,경상남도 양양군 학동거리 (영식이마을),033-404-3555,subincoe@example.org
7,한민서,16139,대전광역시 은평구 가락길 (숙자김읍),031-342-5189,yeonghogim@example.org
8,이정순,56078,광주광역시 도봉구 선릉거리,010-4519-7290,yeongsun41@example.net
9,박서현,07103,충청남도 태안군 석촌호수0거리 (순옥김서리),053-945-4005,jiujang@example.net
10,박우진,79004,서울특별시 서대문구 잠실2가,052-043-9348,egim@example.org
11,홍상철,93712,충청남도 동해시 잠실거리 (도윤김리),042-208-3222,byeongceol95@example.org
12,최지현,03701,전라북도 성남시 분당구 양재천길,018-858-6038,yeonghwanca@example.com
13,김옥자,41705,강원도 진천군 논현834가,032-740-8039,fgim@example.net
14,이정식,16878,인천광역시 도봉구 테헤란7가 (순자윤읍),053-661-9428,gangmyeongsug@example.net
15,박영호,86827,충청북도 청주시 청원구 석촌호수59가 (정숙박이리),019-261-2262,gyeongjagim@example.net
16,오주원,14995,인천광역시 양천구 언주길,062-399-4616,sugjai@example.net
17,홍성진,94595,대구광역시 강북구 백제고분320거리,055-131-2331,ngim@example.com
18,윤미정,96418,인천광역시 서대문구 가락580길,043-691-0573,jeongsug11@example.net
19,장순옥,32350,서울특별시 강동구 영동대길,031-595-5954,ggim@example.org
20,박옥순,08174,경상북도 부여군 오금거리 (민석주이리),011-326-5702,junhyeogmin@example.com
21,김예원,54707,서울특별시 강동구 영동대길 (영진송마을),070-1572-4659,ihaeun@example.com
22,김민서,79769,전라남도 광명시 테헤란62길,016-521-2462,minjunyu@example.net
23,권정수,16660,경기도 과천시 석촌호수로,018-185-8103,seunghyeoncoe@example.org
24,이재현,60448,경기도 고양시 논현가,063-763-4128,jhong@example.net
25,이아름,25656,인천광역시 용산구 백제고분거리 (재현김김동),02-4704-6523,gyeongja60@example.net
26,김성현,47976,경상북도 양구군 반포대62로,041-354-0171,sanghyeonjang@example.net
27,김춘자,21383,인천광역시 강남구 개포가,010-9288-2714,baghaeun@example.org
28,곽민지,03029,경상북도 청주시 흥덕구 오금가,043-241-9765,iseongmin@example.com
29,엄우진,74100,울산광역시 금천구 석촌호수3가,041-904-6344,jihuni@example.net
30,박영길,49718,경상남도 보은군 가락가,016-970-9318,boram31@example.net
31,강현주,71478,인천광역시 금천구 강남대946로 (서영최서면),064-740-9170,ggim@example.net
32,권지민,35767,전라북도 양평군 테헤란길,061-628-3418,yujini@example.com
33,심수진,51660,충청남도 용인시 처인구 삼성313거리,016-311-5706,seungmingim@example.com
34,이경수,64212,울산광역시 구로구 개포로,051-153-5320,seonghoi@example.net
35,박채원,58474,서울특별시 남구 압구정725로 (정희배김동),062-509-0086,jeongsugim@example.net
36,오정웅,34579,경상남도 제천시 잠실가,054-157-5703,xi@example.net
37,이영숙,52448,충청남도 홍천군 선릉744거리,051-774-6096,vgim@example.org
38,김상훈,45113,부산광역시 노원구 강남대1가 (준영장면),010-6264-9025,pmun@example.com
39,고정수,42566,인천광역시 노원구 양재천가 (보람안마을),019-743-6007,jbag@example.net
40,박서연,79947,대구광역시 서구 삼성352가 (지혜한읍),031-724-7580,ebag@example.com
41,김광수,66867,전라북도 태백시 영동대길,032-760-2278,dbag@example.com
42,홍현준,56874,부산광역시 성북구 개포로,010-2142-3508,ujang@example.org
43,이예지,80910,인천광역시 강서구 잠실60로,019-343-8194,jungsuca@example.net
44,김성진,17335,대전광역시 서구 압구정거리,044-482-9621,minjae86@example.com
45,송영미,46568,부산광역시 성북구 백제고분가 (순자류김마을),031-135-4544,yujin60@example.net
46,양준서,30693,인천광역시 용산구 석촌호수487길,033-395-1958,yeeun19@example.org
47,서춘자,79726,광주광역시 광진구 반포대47거리,062-823-9301,hbag@example.com
48,이상현,32576,경상북도 부천시 원미구 석촌호수17길,062-610-7881,misuggim@example.org
49,김미영,75604,서울특별시 마포구 강남대가 (은지강김마을),02-3674-7335,ysin@example.com
50,최진호,28541,경상북도 포천시 백제고분거리,062-291-1987,minseo50@example.org
51,박미경,73403,대구광역시 중랑구 언주가,070-6309-7946,seongsugwag@example.com
52,강순자,03881,광주광역시 도봉구 선릉길,033-317-2391,doyun68@example.com
53,김서현,02546,세종특별자치시 성북구 잠실30거리,019-489-0772,yeonghwani@example.org
54,이재호,03509,충청남도 안양시 동안구 영동대가,044-638-0431,jia68@example.org
55,김지아,59942,대전광역시 송파구 학동길,051-128-6731,jeongsuyang@example.org
56,배은영,87760,경상북도 수원시 서초중앙로,043-862-4497,jeonghun61@example.org
57,황영철,73095,대전광역시 종로구 서초대57거리,064-740-4500,sunja10@example.com
58,이지은,55827,충청남도 계룡시 반포대921길,052-071-5175,yeongsu40@example.org
59,박윤서,16314,전라북도 청주시 청원구 개포85로,052-755-5312,yeongho74@example.net
60,최정웅,93485,대전광역시 동작구 선릉471길 (경숙이면),062-539-7932,yejingim@example.net
61,문지후,18800,서울특별시 동작구 역삼3거리 (현숙김동),051-739-9051,jangjeongung@example.com
62,박준혁,53785,세종특별자치시 서대문구 서초대로 (민서김박리),064-747-4036,dohyeonmun@example.net
63,김정순,56477,서울특별시 양천구 선릉길,053-111-1798,yeonghwan18@example.org
64,허지민,80224,서울특별시 동작구 봉은사로 (지원김이마을),055-127-7564,oyeongsug@example.com
65,장영환,80329,울산광역시 노원구 석촌호수로 (도윤김윤읍),018-883-5988,ijeongsug@example.org
66,김순자,66169,경상남도 수원시 오금거리 (성호박안동),041-274-1752,mgim@example.org
67,김지원,51223,서울특별시 마포구 강남대거리,042-499-1904,juweongim@example.com
68,강춘자,10270,강원도 시흥시 학동길,032-422-4283,yeongsig30@example.org
69,김병철,76534,광주광역시 도봉구 백제고분74거리,019-058-9191,yeongjino@example.org
70,김영길,32863,대구광역시 북구 백제고분로,010-2535-9891,gimjaehyeon@example.org
71,박은주,56606,서울특별시 강서구 역삼2거리 (보람오마을),062-055-8787,byeongceolgim@example.org
72,이민재,73292,경상남도 서천군 압구정761가,053-774-4039,xgim@example.org
73,김서현,78750,제주특별자치도 단양군 학동2로 (현우노면),041-837-5737,jbaeg@example.net
74,이영미,55818,대구광역시 강남구 도산대7가,041-411-6370,seungmin96@example.org
75,박영환,35479,세종특별자치시 남구 잠실길 (은지김김읍),055-373-0748,sgim@example.net
76,이경수,37575,충청북도 진천군 테헤란로 (진호박김읍),055-906-1534,sunogbag@example.org
77,윤정식,56587,충청북도 평택시 언주거리 (준혁이장리),052-753-8018,yeongho15@example.net
78,박영환,53819,강원도 청주시 상당구 서초대가,051-852-9877,iyeonghwan@example.com
79,박수민,71631,전라남도 제천시 잠실거리,017-372-1205,yeongmi95@example.com
80,박영수,80970,전라남도 고양시 석촌호수097로,064-795-1283,yeongho24@example.net
81,한재호,19878,대전광역시 서구 학동1가,043-578-3464,namgwangsu@example.org
82,양주원,54785,전라북도 양평군 서초대57로,019-125-7395,gweonboram@example.org
83,김준호,40915,강원도 파주시 석촌호수763가,070-4148-3500,tha@example.com
84,윤중수,59263,경상남도 파주시 가락084거리,033-436-8450,yeonggilyun@example.com
85,박정남,80275,강원도 옥천군 개포193로 (수진이리),02-5911-3251,dohyeonbag@example.org
86,이지후,88363,제주특별자치도 수원시 장안구 테헤란897가 (현주김정면),019-081-6153,yunminsu@example.com
87,최재호,56869,인천광역시 성북구 강남대거리 (혜진이김동),064-743-2726,hryu@example.org
88,윤상호,21979,서울특별시 서초구 백제고분53가 (은서김류면),061-466-3949,hyeonjiyang@example.org
89,나현준,35400,전라북도 예산군 강남대35로,02-0796-3475,sbag@example.com
90,이지아,68534,경상북도 여주시 잠실2길 (미경김김면),051-978-3650,dohyeongim@example.org
91,허상훈,51551,세종특별자치시 구로구 테헤란로,031-503-6669,zjang@example.com
92,곽현준,34095,대전광역시 서구 강남대로,061-143-1157,wmin@example.com
93,이민재,56376,제주특별자치도 옥천군 테헤란332거리 (영철이면),02-4955-0417,yeonghwancoe@example.net
94,노경숙,96356,경상북도 이천시 반포대길 (시우김김리),043-191-2718,seunghyeonbag@example.org
95,이동현,48443,부산광역시 서구 삼성744거리 (경수김리),052-085-4387,haeungim@example.com
96,구현주,05373,세종특별자치시 중랑구 선릉26거리 (순옥허김리),010-5179-1442,yeongsubag@example.org
97,김지현,34132,강원도 안양시 만안구 반포대5로,011-393-9270,gangeunjeong@example.org
98,이광수,84560,충청남도 동두천시 개포22길 (병철김박동),042-415-2075,jiajeong@example.org
99,박지연,91631,전라남도 청주시 서원구 오금8로 (현준민이면),061-266-8885,zi@example.com
100,박정훈,12527,경상남도 계룡시 언주9길,032-112-5650,minjaegim@example.com
101,송성진,79605,경상남도 이천시 영동대767거리 (영환박김읍),061-635-0090,jaehocoe@example.org
102,김도윤,75726,서울특별시 동구 논현로 (민서김양읍),017-410-3626,donghyeoni@example.com
103,이준혁,48123,광주광역시 영등포구 언주로,031-507-1818,iseoyun@example.org
104,최지민,67186,세종특별자치시 강남구 서초중앙가 (준호박김리),064-758-7871,jjo@example.org
105,박상현,36179,광주광역시 양천구 개포로,061-338-9808,hyeonjunbag@example.com
106,오현주,15189,대구광역시 금천구 백제고분0거리,016-548-1384,hyeonsug26@example.net
107,김정훈,84269,대전광역시 노원구 양재천890가 (옥순이리),011-968-5937,jieuni@example.com
108,오성호,03031,경기도 충주시 영동대길 (지훈김고리),053-803-0439,gyeongsugim@example.org
109,김준영,22835,경상남도 이천시 논현376가 (지은박마을),061-945-7650,gimjeonghyi@example.net
110,송상현,95129,광주광역시 도봉구 잠실67길,016-848-6090,sbag@example.org
111,최예준,68618,경기도 홍천군 도산대로,063-667-6706,fgim@example.org
112,장하윤,16742,광주광역시 구로구 잠실365거리,016-732-1551,siu98@example.net
113,최미숙,08005,전라남도 고양시 덕양구 개포가,055-468-4361,seonghyeonbag@example.com
114,류광수,80933,울산광역시 서초구 테헤란길,051-323-3237,gwangsujo@example.net
115,박정자,29634,광주광역시 강남구 개포0로 (정식배면),063-909-6648,seoyeongi@example.net
116,김지현,10184,대구광역시 노원구 반포대로 (은서김리),041-667-4964,gangyeongsug@example.org
117,이현우,47629,부산광역시 마포구 서초대거리,053-386-1201,yanghayun@example.com
118,류민지,04311,인천광역시 동대문구 가락길,042-433-3871,tgim@example.net
119,김숙자,08020,충청남도 부천시 원미구 오금3가,063-532-9379,yunseobag@example.org
120,홍경희,16518,서울특별시 구로구 역삼거리 (은경오동),055-292-3618,seohyeongweon@example.org
121,고현정,80696,서울특별시 중구 잠실6거리 (예은이마을),010-1839-3922,yangminseo@example.com
122,김경희,93975,대구광역시 송파구 삼성9거리 (영자노김리),062-553-6131,hyeonsug03@example.com
123,김하윤,78845,전라남도 화천군 가락724로,051-856-8109,gwangsubag@example.com
124,최중수,08138,부산광역시 서초구 논현000길 (옥순이민리),061-528-6650,hi@example.org
125,한은정,02239,세종특별자치시 노원구 강남대839거리 (민서최동),02-0813-0343,minseog20@example.net
126,이현우,83372,광주광역시 양천구 오금766가 (영진강면),043-537-2535,rryu@example.com
127,윤윤서,15392,서울특별시 중랑구 영동대7길 (예은박이동),041-933-0738,yeongsigryu@example.com
128,최영희,17649,강원도 양양군 도산대로,052-827-4295,seoyeon59@example.org
129,허예은,66018,광주광역시 성동구 언주거리,054-004-0586,hyeonu66@example.com
130,김지훈,11406,전라북도 고양시 일산서구 오금41로,041-129-0538,minji78@example.net
131,김성진,79369,서울특별시 영등포구 잠실35로 (우진백김면),031-921-4263,sanghogim@example.com
132,이윤서,45151,경상북도 논산시 논현3가 (경희김면),051-031-1978,seungmin45@example.com
133,이은서,62098,충청북도 용인시 기흥구 학동가,019-571-0906,json@example.com
134,이경수,04445,세종특별자치시 도봉구 반포대로,052-085-3890,gimsunog@example.org
135,김지연,35353,울산광역시 영등포구 봉은사길,053-320-3560,eunjicoe@example.net
136,박현준,97299,인천광역시 은평구 잠실가,041-230-5654,seongminjo@example.net
137,이성진,45831,서울특별시 성북구 압구정212길,062-649-1612,jinyeongsun@example.org
138,고하윤,07282,충청북도 인제군 영동대0가 (현우김오동),053-596-1738,sanghogim@example.com
139,김현우,36184,서울특별시 성동구 양재천06길,017-914-8697,yuyeongho@example.net
140,김수진,59250,광주광역시 강동구 백제고분로,041-661-6444,yangyeongjin@example.net
141,곽성훈,99822,충청남도 천안시 동남구 언주90가 (재호손이면),031-221-1812,yejun84@example.com
142,최정희,08704,충청남도 화천군 영동대06거리 (성호이이면),018-674-8790,yeji51@example.com
143,한수빈,32215,충청북도 고성군 백제고분3거리 (경자김동),041-615-6018,jaeho25@example.org
144,서건우,20366,제주특별자치도 홍성군 논현646길,042-134-3215,seungmin36@example.net
145,김주원,72105,대구광역시 동대문구 서초대0거리 (지아강읍),011-233-1066,jiu39@example.net
146,이민재,49272,인천광역시 용산구 압구정길 (동현나한동),043-383-4724,qjeong@example.net
147,박명숙,48469,부산광역시 용산구 역삼가 (하은이동),070-3801-8577,sumin54@example.net
148,문경숙,23327,전라북도 수원시 팔달구 백제고분8길,018-008-6235,gugwangsu@example.org
149,백도현,59561,서울특별시 동작구 가락90길 (영철김강마을),052-866-9072,yeongjin23@example.com
150,박은주,75996,울산광역시 서초구 개포669로,010-1480-8505,jugyeonghyi@example.net
151,이진호,93956,대구광역시 송파구 삼성570길,032-808-0185,sangceol14@example.net
152,한예지,00352,강원도 광명시 양재천94거리 (영미나동),010-1265-1407,yeongmina@example.net
153,이정식,90163,전라북도 가평군 도산대길 (지우김이리),063-740-2693,gimjeongsun@example.net
154,오준영,85823,광주광역시 성북구 반포대8가,054-380-4365,vcoe@example.org
155,장재호,37737,광주광역시 중구 영동대22길,051-793-1503,eunjui@example.net
156,박서윤,16699,경상남도 평창군 백제고분거리 (정숙이김읍),051-284-3960,seonghun12@example.net
157,노준영,83006,서울특별시 영등포구 잠실거리 (재호김이리),053-672-0822,iseonghun@example.org
158,진순자,37545,광주광역시 양천구 반포대로,033-008-3716,mbaeg@example.net
159,이유진,44044,충청북도 정선군 개포61가,011-586-3433,jinugim@example.net
160,서중수,19037,부산광역시 도봉구 압구정로 (민지진백리),054-000-6890,hyeonjungim@example.org
161,이준서,97178,인천광역시 광진구 삼성8거리,044-140-7438,cayejun@example.net
162,서민석,32186,경상북도 횡성군 가락108로,033-711-9538,wna@example.org
163,민보람,02829,울산광역시 중구 압구정09가 (시우김면),033-259-4412,yunhyejin@example.com
164,김민수,40230,인천광역시 동작구 선릉069거리 (성민박마을),033-667-0474,jongsu15@example.org
165,박지연,38614,대구광역시 북구 개포가,010-2390-2322,iyun@example.net
166,황지은,40287,부산광역시 송파구 영동대로 (현주김김동),017-653-2247,junyeong95@example.net
167,이정순,74554,충청북도 춘천시 석촌호수거리,055-892-8442,egim@example.org
168,전민준,23497,대구광역시 성북구 서초대거리 (중수한박읍),042-619-2012,zseong@example.com
169,문영숙,26052,대구광역시 금천구 잠실979길 (아름배이동),019-171-9681,gjin@example.com
170,김아름,60085,충청북도 서천군 테헤란가 (미경안안동),042-718-5187,seojun21@example.net
171,오지훈,55471,부산광역시 서대문구 삼성40길,041-297-9189,gyeonghyi21@example.com
172,고춘자,20069,경상북도 성남시 중원구 삼성가 (민준한이리),011-344-4879,hcoe@example.net
173,배지연,26461,전라남도 보은군 양재천257길 (현숙이김읍),063-904-2306,iyeongjin@example.com
174,류수민,59463,인천광역시 동작구 반포대가 (상호이박마을),017-041-0469,aha@example.net
175,이준영,09267,경상남도 용인시 양재천126거리,070-7011-6416,xhan@example.com
176,이영일,64914,세종특별자치시 북구 서초대26거리 (병철윤엄리),061-283-2628,tbag@example.net
177,박서연,54864,강원도 영월군 가락로,044-725-0469,seungminbag@example.net
178,정수진,12183,부산광역시 동구 삼성196거리,062-616-7704,ieunjeong@example.org
179,이민석,17644,부산광역시 중구 선릉114로,053-651-9786,dohyeongim@example.net
180,김정남,98223,부산광역시 강동구 반포대250길,011-587-6885,jcoe@example.net
181,이수민,03611,대전광역시 광진구 압구정011거리,018-797-3072,eo@example.org
182,이주원,79663,부산광역시 북구 백제고분525거리 (지현손리),019-654-2000,yeongceoli@example.org
183,백성진,09434,광주광역시 동구 가락19거리 (경수민김동),053-491-2129,juseonghyeon@example.com
184,강승현,38649,경상남도 화성시 강남대03거리 (하윤이동),052-870-8450,seungminan@example.com
185,이영길,47602,인천광역시 송파구 봉은사거리,044-184-2836,gyeongsu20@example.org
186,이지현,81506,경상북도 양양군 서초대62길,052-531-2645,gimeunyeong@example.net
187,고예원,82910,경상남도 화성시 봉은사가 (도윤윤한동),019-167-0490,ni@example.net
188,윤민서,72153,광주광역시 도봉구 개포162가,061-514-7839,cmun@example.com
189,김현주,73224,세종특별자치시 중랑구 영동대55가,031-005-4802,ohyeonu@example.net
190,김성현,25253,울산광역시 도봉구 선릉가 (지연김이면),016-733-9053,sujingim@example.com
191,김지영,61555,광주광역시 동구 언주79로 (영희홍박리),033-846-3236,seunghyeon42@example.net
192,김정웅,04601,부산광역시 성동구 석촌호수196거리 (정식조읍),062-570-8696,gimyeonghwan@example.net
193,황현우,28886,전라북도 이천시 석촌호수로,019-277-3475,seongjinjo@example.net
194,최미영,31169,제주특별자치도 양양군 압구정로,070-1724-9543,jeongja12@example.net
195,김정호,62124,전라북도 강릉시 양재천737거리 (예원박황읍),02-7757-6234,yeeun69@example.net
196,이지현,36471,전라남도 강릉시 도산대로 (경수백한면),055-465-2197,cna@example.com
197,전종수,67123,세종특별자치시 서초구 논현8길,070-4909-1627,myeongjacoe@example.net
198,우상호,90093,세종특별자치시 노원구 도산대로 (예지최리),042-069-1907,hyeonji41@example.net
199,윤지아,09343,서울특별시 성북구 양재천가,044-996-7822,mjo@example.org
200,박명자,60910,서울특별시 북구 역삼556길 (유진서이읍),042-342-0237,yeongsuncoe@example.net
201,김은정,33696,울산광역시 중랑구 언주6거리,019-917-2854,sunoghong@example.org
202,김영미,01878,인천광역시 구로구 서초중앙1길,019-198-5414,ci@example.net
203,김정남,94791,제주특별자치도 충주시 삼성길,041-599-4968,gangseonghyeon@example.net
204,김현우,05959,경상남도 하남시 도산대70길,054-728-6536,gimsanghyeon@example.org
205,윤서윤,23275,경기도 삼척시 가락거리,041-369-3557,myeongsuggim@example.net
206,권상철,99859,충청남도 남양주시 오금2길 (현우민김읍),032-653-3888,bcoe@example.com
207,김경숙,63555,경기도 논산시 선릉거리,016-362-0619,coeyeonghyi@example.com
208,박영식,47059,울산광역시 강서구 서초대122길,061-606-0369,gimsujin@example.com
209,김영철,19120,세종특별자치시 성동구 도산대2로,017-600-5851,obag@example.com
210,심상철,39740,전라북도 성남시 중원구 오금361거리 (정순안마을),016-497-4945,gimdohyeon@example.net
211,김수민,56292,부산광역시 영등포구 석촌호수가 (지훈최박면),02-1582-5019,ogim@example.org
212,김민지,83379,강원도 태안군 서초중앙가,019-911-0749,egim@example.org
213,최지현,74659,충청남도 성남시 영동대18길 (혜진이마을),062-731-2557,seongjin86@example.net
214,홍순옥,84913,대구광역시 송파구 언주가,070-7424-9223,minseo46@example.net
215,송예준,90390,경기도 태백시 강남대4거리,064-757-8697,jeongnamsong@example.com
216,박주원,36085,세종특별자치시 강동구 오금824가 (지은장마을),064-779-3377,lbag@example.net
217,강지은,19957,제주특별자치도 태안군 서초중앙길 (승현이읍),017-743-5357,isangho@example.net
218,최지원,86248,충청남도 용인시 기흥구 도산대527길 (현우권읍),017-376-1385,junhyeog58@example.net
219,김예진,72042,충청남도 양주시 가락로,011-076-4828,sumin59@example.org
220,고예준,93852,경상남도 원주시 서초중앙로,063-584-1450,caeweonan@example.org
221,김진우,00043,광주광역시 동작구 강남대길,064-765-0608,jryu@example.com
222,김보람,84668,충청북도 화성시 언주거리 (순옥심김읍),053-981-5572,seongjin38@example.org
223,이지후,35327,대구광역시 도봉구 테헤란거리,054-155-6739,haeuni@example.com
224,김영순,01657,충청북도 포천시 석촌호수118가 (지혜이노동),031-092-4808,hanjeongsu@example.com
225,전정호,19509,대구광역시 광진구 역삼가,041-690-4818,hyeonju27@example.com
226,신지아,08676,대전광역시 용산구 서초대70가,064-747-5334,jeonggyeongsug@example.net
227,박도윤,24424,서울특별시 용산구 삼성66가 (명자이김읍),010-9552-4163,gimsujin@example.org
228,이현정,58883,강원도 시흥시 잠실거리 (영진김윤읍),055-352-5064,minsu21@example.com
229,김지아,59584,전라남도 화성시 선릉2로,011-351-2819,iseongho@example.org
230,류서연,48513,전라남도 평창군 잠실가 (준영김면),011-348-0862,gi@example.org
231,이예은,82986,서울특별시 노원구 서초중앙772로,019-956-8403,hanyeonggil@example.com
232,조도윤,88962,제주특별자치도 김포시 반포대가,070-0453-2182,baegyeongja@example.org
233,박병철,93408,충청남도 충주시 테헤란48가,041-372-0593,baeggyeongja@example.com
234,김예지,66197,서울특별시 노원구 논현330로,011-654-7584,geonu53@example.com
235,김은주,24071,충청북도 성남시 분당구 반포대거리,041-896-9219,vgim@example.net
236,고현숙,35988,제주특별자치도 청주시 서원구 강남대27가,070-7804-9299,ygweon@example.org
237,김서준,96433,광주광역시 강북구 테헤란길 (현정백면),018-601-4931,tyun@example.com
238,조정수,86054,서울특별시 남구 석촌호수가,063-263-4163,bjang@example.org
239,백미정,53067,경상북도 안산시 상록구 삼성길,016-101-1036,jihu50@example.net
240,김옥순,28399,부산광역시 관악구 백제고분44거리,055-619-3066,gimseoyeong@example.net
241,장유진,61050,대전광역시 동구 삼성2로 (상철문이면),018-308-6154,gimjieun@example.com
242,양정훈,32395,서울특별시 용산구 선릉거리 (유진김동),053-348-0533,gyeongsuhan@example.net
243,이선영,78541,부산광역시 구로구 강남대20거리,070-3564-2144,yejigim@example.net
244,전도현,94392,광주광역시 중구 삼성가,054-750-8146,jeonghobaeg@example.org
245,장병철,73533,제주특별자치도 인제군 반포대66로,052-333-1269,ganghyeonjun@example.net
246,황민재,08551,제주특별자치도 광명시 석촌호수288거리 (현준김읍),062-193-7184,fi@example.com
247,최성진,72660,부산광역시 영등포구 개포가 (숙자엄박리),054-497-7469,bagjiyeon@example.org
248,심정훈,70560,인천광역시 성북구 오금4로,052-187-0084,ghwang@example.net
249,김영진,55999,충청북도 삼척시 봉은사68길,02-8110-7390,iyeongceol@example.net
250,김성호,22646,부산광역시 성동구 역삼가,054-183-9988,hanhayun@example.net
251,김미숙,38414,충청남도 안양시 강남대로,010-3281-1952,jeongsunmin@example.com
252,최서윤,62372,강원도 홍천군 영동대거리 (영환한동),055-336-8288,jinhoan@example.org
253,김중수,22886,전라북도 성남시 수정구 서초중앙가 (서윤최윤동),044-020-7296,geonu33@example.net
254,서현정,56711,서울특별시 강동구 가락거리,018-096-9114,ijihu@example.org
255,윤민준,36596,전라남도 태안군 백제고분8로 (명숙김장면),062-207-2716,yeonggil77@example.net
256,문미경,78438,울산광역시 종로구 영동대077길 (영길박송리),019-800-3449,seoyungim@example.net
257,곽정희,76758,강원도 안양시 만안구 반포대7길,055-458-6103,yejun01@example.net
258,류지민,18991,서울특별시 노원구 선릉3가 (미영이리),054-437-8946,miyeongbag@example.net
259,김하윤,42890,경상남도 연천군 학동593가 (영수하읍),063-499-5890,eunju92@example.org
260,김예준,90057,세종특별자치시 동작구 역삼19길,070-3199-6179,sgim@example.net
261,김성훈,67554,대전광역시 강북구 백제고분길 (민지이서마을),033-592-4563,junhyeogbag@example.org
262,김종수,16210,강원도 용인시 처인구 양재천1가,016-914-3856,ri@example.com
263,배지우,45648,울산광역시 중랑구 테헤란로,032-614-4724,ibag@example.org
264,김영수,86533,서울특별시 마포구 언주로 (춘자구김읍),031-648-0176,ihyeonjun@example.com
265,서경희,59743,충청남도 청주시 청원구 강남대로 (영순이최읍),033-820-6175,sujinheo@example.org
266,강영수,92791,부산광역시 동구 서초중앙로 (정식박박동),017-841-8482,byeongceoli@example.com
267,고지민,35182,경상남도 구리시 압구정로 (지원이리),017-772-4474,bagbyeongceol@example.com
268,안하윤,66514,세종특별자치시 동대문구 논현길 (옥순김마을),062-844-2646,gimgyeonghyi@example.net
269,김서연,81367,서울특별시 금천구 석촌호수9로 (경숙강면),017-946-2910,jaehojang@example.org
270,조영일,56024,광주광역시 영등포구 오금8길 (영자구이동),053-358-5318,jihunhan@example.com
271,백서영,69391,대전광역시 광진구 양재천1가 (지아이최동),033-229-5989,seoyeon67@example.org
272,이영진,24367,세종특별자치시 서초구 도산대534거리,02-7249-9356,baegjeongsug@example.org
273,최우진,80147,전라남도 남양주시 봉은사길 (영수박서면),010-5372-1703,sineunseo@example.com
274,최영호,53675,경상남도 청주시 서원구 삼성251로,016-975-8121,hyeonjigim@example.com
275,김지혜,33637,인천광역시 강북구 도산대로,016-009-8379,seonghogim@example.net
276,강명자,78611,세종특별자치시 서구 강남대가,043-521-3762,sugjagim@example.com
277,김지연,08990,경상북도 여주시 영동대거리,018-202-5324,ganghyeonju@example.com
278,이준혁,82920,충청북도 평창군 도산대58가 (숙자이마을),019-034-4677,gimjaehyeon@example.org
279,이정숙,46440,대구광역시 관악구 영동대가 (준호손차동),053-337-6528,seoyeongbag@example.com
280,김시우,04902,서울특별시 광진구 선릉3길 (서윤박박리),055-190-0056,yejin18@example.org
281,배지민,68456,광주광역시 동작구 선릉772길 (지훈문리),064-777-8682,ucoe@example.net
282,윤영숙,90433,대전광역시 양천구 반포대거리 (승현하마을),042-029-8926,caeweono@example.com
283,박우진,02074,제주특별자치도 성남시 분당구 강남대로 (영수허읍),016-610-3963,sunjayun@example.net
284,이지훈,55292,대구광역시 강남구 서초중앙020로 (정호허면),010-8899-0031,hyeonjeonggim@example.com
285,김경숙,62143,경상북도 여주시 선릉72가 (미숙김리),033-351-7660,agim@example.org
286,황윤서,97013,울산광역시 용산구 언주41로 (주원김주리),054-112-2818,yeji59@example.com
287,이동현,86372,경상북도 남양주시 가락1가 (민지최동),054-637-8766,xgim@example.org
288,신성진,83638,경상북도 양주시 선릉로 (윤서최이동),043-635-1019,seoyeong26@example.net
289,박준서,01164,충청북도 수원시 장안구 강남대35거리 (성현김마을),043-479-3561,ijihye@example.org
290,이주원,98782,서울특별시 마포구 백제고분가,010-7563-0554,seonghogim@example.net
291,이정수,16672,서울특별시 강북구 반포대길,031-279-9416,misug80@example.org
292,김경희,13842,전라남도 논산시 테헤란로,063-062-8351,yeongho78@example.net
293,곽서준,13959,대전광역시 용산구 서초중앙길,070-2859-5728,sanghyeonha@example.com
294,홍현우,24511,충청남도 인제군 강남대66길,051-397-9154,eunseoseong@example.net
295,이민석,65143,대구광역시 성동구 도산대41길 (승현윤리),017-567-6334,seongsu97@example.net
296,김성수,65934,인천광역시 강남구 봉은사3가,02-0067-4543,jinjinho@example.com
297,장미영,87144,강원도 정선군 가락거리,041-026-6827,bagsumin@example.com
298,김정수,28101,광주광역시 서구 백제고분3거리 (순옥김동),041-180-0090,sgim@example.org
299,김정순,93481,대전광역시 강동구 선릉7로,052-780-2982,baegjeongsug@example.com
300,이현우,18512,전라남도 춘천시 잠실03거리 (지영이진면),019-094-6710,jihungim@example.com
301,김정남,45104,세종특별자치시 관악구 백제고분8로,010-4432-2819,misug79@example.com
302,이상호,09599,서울특별시 서대문구 가락로 (은서김주읍),018-718-9126,cunjagim@example.net
303,김광수,35899,부산광역시 동대문구 압구정474가 (동현김박동),011-526-7367,sugja44@example.net
304,김은서,90121,광주광역시 구로구 선릉로,043-218-9462,gimseohyeon@example.org
305,김예은,05197,전라북도 서천군 개포9가 (서준이마을),010-2569-3938,imsiu@example.com
306,박은경,61247,경상남도 괴산군 양재천409거리,033-310-2191,ogja57@example.net
307,이은주,04050,광주광역시 송파구 가락800가,017-318-6518,baghyeonju@example.org
308,안지은,10865,강원도 수원시 팔달구 양재천가,017-919-2671,donghyeoni@example.com
309,최준영,72552,강원도 수원시 권선구 백제고분가 (민수조동),031-723-7860,seoyeongim@example.org
310,남민지,24750,제주특별자치도 오산시 영동대153로,053-952-5194,iboram@example.com
311,김윤서,85042,서울특별시 마포구 영동대거리 (상훈손김리),02-9596-2415,jungsugim@example.com
312,박명자,81099,강원도 보은군 삼성로 (중수노장동),055-429-6823,gimminseo@example.org
313,이승민,72484,충청남도 증평군 개포로 (서윤박전동),018-291-9376,khong@example.net
314,김영호,06662,경상남도 횡성군 압구정3길,063-750-8785,eunjui@example.org
315,김준서,50454,제주특별자치도 태안군 도산대길,063-538-2803,seohyeon31@example.net
316,김상호,70370,경기도 성남시 중원구 논현234길 (서영이박면),010-9535-2809,wgang@example.com
317,김정호,35918,서울특별시 광진구 역삼4가,033-657-3247,jiyeon68@example.net
318,이진우,16141,충청북도 수원시 장안구 학동5가,055-764-9351,eunseogim@example.net
319,김현주,34972,울산광역시 중구 논현로 (지은임윤면),044-687-1667,ryuyeongmi@example.net
320,서현주,40666,경상남도 청양군 테헤란가 (성호이리),010-1681-0159,sinyeonghwan@example.org
321,이성수,45474,충청남도 수원시 장안구 서초중앙가,010-6216-2001,jeonghyicoe@example.com
322,이지아,13018,부산광역시 서구 개포71가,062-226-4429,hanyeonghwan@example.org
323,김지훈,27024,울산광역시 광진구 봉은사6거리,061-540-0518,ni@example.com
324,김성호,05051,경기도 수원시 팔달구 선릉가,019-427-8437,subin76@example.com
325,송우진,40882,광주광역시 은평구 역삼73가,032-257-5763,ni@example.com
326,이정순,39335,대구광역시 금천구 언주83길,011-627-7895,qbag@example.com
327,홍민석,35215,제주특별자치도 여주시 논현839가 (옥순배김마을),064-732-4358,tbag@example.org
328,김영숙,87661,울산광역시 성북구 도산대702로,054-883-9764,gweonsunja@example.com
329,장상훈,03272,전라남도 삼척시 논현531로 (영길장동),061-815-6529,caeweon63@example.net
330,이정희,52612,경기도 태안군 백제고분9거리 (수민김동),011-388-2070,iyeonggil@example.net
331,이경수,29253,대구광역시 송파구 삼성069길,044-266-7602,yeongsiggim@example.com
332,오지혜,44203,광주광역시 종로구 선릉가 (준호조읍),043-233-3049,sangceol08@example.com
333,최아름,62557,강원도 서산시 개포가,062-900-9917,yeongho29@example.net
334,강주원,72446,충청남도 부천시 원미구 테헤란437가,064-710-6064,hongjeongnam@example.org
335,박준영,78397,세종특별자치시 남구 봉은사길,064-700-3466,yangyeongceol@example.com
336,김상호,25102,울산광역시 은평구 선릉927길,018-017-9879,seongmingim@example.org
337,권윤서,25808,충청북도 당진시 양재천가 (현주유리),042-537-6989,minseog17@example.org
338,김예준,16881,경상북도 안양시 서초대길 (도윤최면),017-860-1750,jiminjin@example.org
339,최영진,33730,강원도 천안시 서북구 반포대로,016-280-6262,seojungim@example.net
340,이지훈,85370,전라남도 화성시 석촌호수가 (정호송이동),070-9177-1400,jiu53@example.org
341,양광수,05860,인천광역시 광진구 테헤란가,054-582-7002,seoyungim@example.net
342,김경숙,50395,경상남도 태백시 강남대1거리,062-834-1944,ni@example.com
343,박동현,69956,대구광역시 서대문구 역삼18길 (현숙김이동),043-695-0994,sanghyeoncoe@example.com
344,이건우,28706,부산광역시 금천구 선릉길 (미숙김김읍),053-052-4452,qsin@example.net
345,이정남,58416,울산광역시 강동구 개포87가,043-147-0303,dgim@example.net
346,이수민,00517,전라북도 안양시 압구정로 (경자강김동),032-696-6397,ngang@example.com
347,김진호,37643,경기도 부천시 논현49거리,032-789-2053,yeonghyii@example.org
348,허민수,40763,부산광역시 광진구 개포471거리 (예준강마을),018-712-7787,ogja63@example.com
349,김상호,71452,경기도 증평군 잠실020길,054-336-2736,jjin@example.org
350,이지아,72018,충청남도 부여군 오금길,042-540-0297,fbag@example.com
351,성준혁,71397,경상북도 양주시 반포대로 (정웅김오읍),017-519-1792,jaeho28@example.net
352,장민석,60195,부산광역시 은평구 선릉1로 (옥자김읍),070-4921-5667,jeongho51@example.com
353,양숙자,02574,전라남도 수원시 역삼98로 (지훈안마을),062-147-1410,ryujimin@example.org
354,장영철,48706,대구광역시 서구 논현762로 (영일박동),017-648-2402,cunja56@example.com
355,이민지,20128,울산광역시 서초구 언주37거리,02-8874-4650,seungminbag@example.com
356,우지우,50946,경기도 안양시 서초중앙830길 (영호박동),032-986-2778,hyejin51@example.net
357,김상철,98569,울산광역시 강동구 서초대로,064-728-3661,jeongho38@example.net
358,이정훈,77253,제주특별자치도 화성시 삼성560로,017-936-8111,byun@example.org
359,양영호,60059,세종특별자치시 구로구 도산대2거리,031-880-4221,ieunyeong@example.net
360,김성민,93565,충청남도 부천시 오정구 봉은사거리 (재호이한리),043-243-2710,jiweon16@example.com
361,박은경,84772,경상북도 용인시 기흥구 가락82길,017-909-5117,juweongim@example.org
362,김지연,81422,충청남도 양구군 논현거리,053-711-6194,gyeongja99@example.net
363,이영미,39843,세종특별자치시 강북구 양재천로,019-810-1041,rsong@example.org
364,홍영순,94949,대구광역시 중랑구 가락58가,062-459-9712,areumbag@example.org
365,박은경,12213,부산광역시 중구 잠실95길,011-072-3192,hyeonjubag@example.com
366,박현주,49239,광주광역시 강남구 테헤란277거리 (경자김윤면),010-9114-5115,hongjunhyeog@example.net
367,이지현,36953,광주광역시 영등포구 도산대길,031-182-4072,seohyeongang@example.net
368,손은정,64992,경상남도 강릉시 가락길 (서현이동),042-109-7501,yeongsigim@example.net
369,류정희,43869,제주특별자치도 천안시 동남구 석촌호수31거리,054-802-5467,minjaei@example.com
370,최성훈,98807,서울특별시 강남구 개포가,044-694-9918,gimjongsu@example.org
371,박경숙,58870,경상북도 속초시 선릉가 (현주이한면),044-662-7794,jinubag@example.net
372,지지훈,91320,경상남도 포천시 서초대84길,044-433-9081,oi@example.com
373,김상철,10506,전라남도 정선군 반포대길 (수진이김면),031-124-8350,jhong@example.org
374,김수진,58436,충청북도 고성군 영동대8로,017-403-5036,sunogi@example.org
375,최정숙,56369,경상북도 인제군 서초대로,062-886-0192,seongmingim@example.com
376,박민지,50934,충청북도 하남시 봉은사81로,052-629-8522,yeongja96@example.com
377,고혜진,54473,대전광역시 송파구 석촌호수로,019-524-1689,anjeongja@example.org
378,김준서,29336,경상북도 양구군 언주로 (정호김면),064-748-0984,seohyeon82@example.com
379,김중수,14952,전라남도 평택시 선릉786로 (지은이동),061-099-6195,jiagang@example.net
380,김예은,04390,울산광역시 동구 영동대길 (혜진김마을),070-0568-7743,minsugim@example.org
381,홍지혜,28004,부산광역시 송파구 언주6길,019-378-6875,eunseo18@example.net
382,김현지,13979,세종특별자치시 성동구 역삼275로,02-3349-5110,songujin@example.net
383,박유진,27199,부산광역시 서대문구 서초대가,011-643-4626,iboram@example.org
384,강명숙,79440,울산광역시 강북구 역삼로 (정숙이마을),061-198-5116,hanmigyeong@example.org
385,김미숙,90086,충청북도 이천시 서초중앙79거리,033-646-0277,minjun33@example.org
386,김하윤,74866,서울특별시 성동구 강남대로 (미숙김류리),055-841-9358,minseo09@example.net
387,송지은,67493,충청남도 계룡시 개포7가,019-156-8178,ci@example.net
388,김영환,23318,제주특별자치도 안성시 잠실402거리 (채원신김마을),018-042-1527,seojunbag@example.com
389,노경숙,28906,전라남도 인제군 영동대로,061-020-2990,caeweon34@example.org
390,이명자,39982,경기도 태안군 압구정8로 (동현한면),051-081-8857,pgim@example.com
391,강은주,17353,제주특별자치도 예산군 논현3거리 (정자전면),062-177-1847,hyeonji34@example.org
392,김은경,68234,부산광역시 중구 삼성가 (민수손이마을),054-482-9381,gimcunja@example.org
393,오종수,27512,전라북도 의왕시 양재천24거리 (도현송최리),010-8430-1525,minsui@example.com
394,박예지,27774,경상북도 홍천군 봉은사75가 (예지송읍),063-618-5049,seohyeoni@example.net
395,양보람,45867,강원도 부천시 오정구 서초중앙거리,019-231-0983,hyeonu87@example.org
396,권명숙,37484,광주광역시 서대문구 오금97가 (명자김읍),043-998-0549,areum50@example.org
397,김영철,11876,광주광역시 성북구 석촌호수로 (준호이면),041-264-5096,junseo55@example.net
398,박은정,27257,부산광역시 종로구 가락로,064-705-3163,wbag@example.com
399,김명자,51300,부산광역시 동구 오금로,019-162-5116,jiu35@example.com
400,서현정,50359,전라북도 연천군 잠실가 (상호박마을),016-624-0766,mijeong19@example.com
401,장유진,84974,부산광역시 남구 도산대822거리,062-613-6408,hyeonsug41@example.com
402,이영철,99763,대전광역시 도봉구 삼성24가 (영자김면),032-505-4272,junho21@example.com
403,이재현,23942,제주특별자치도 청주시 서원구 삼성거리,017-439-7935,eunjigang@example.net
404,이예원,93515,세종특별자치시 동작구 압구정거리,044-349-8665,iujin@example.org
405,이병철,41397,경기도 고양시 일산동구 강남대거리,043-689-5279,yeongmigim@example.com
406,최정자,83376,충청북도 예산군 압구정거리,044-556-1963,minseoi@example.com
407,오혜진,84362,경상남도 화성시 봉은사293로 (정웅최리),016-139-8875,baeggyeonghyi@example.org
408,박광수,17369,충청남도 계룡시 삼성거리 (민수김주면),018-310-6147,seonghoson@example.com
409,정미영,40580,전라북도 청주시 청원구 언주거리 (상현안면),070-0086-6202,ijaehyeon@example.com
410,박영진,92154,제주특별자치도 증평군 테헤란3길 (성진홍읍),032-017-9166,seonyeongno@example.net
411,강승민,69777,부산광역시 금천구 잠실1로 (현정배이리),055-102-4877,seojeonghun@example.com
412,윤아름,06652,대구광역시 강동구 가락길,062-390-2160,seonyeonggim@example.org
413,권하은,78141,전라남도 영월군 오금3거리,033-072-2473,hongseonyeong@example.com
414,김현우,33959,충청북도 옥천군 영동대가 (서연나면),051-158-3268,cgim@example.net
415,안지영,39510,서울특별시 광진구 가락810로,010-5141-5744,juweoncoe@example.org
416,김채원,62644,경기도 김포시 가락로,061-050-0654,bagboram@example.org
417,김서영,72240,강원도 금산군 서초대87거리 (영미김장면),018-372-8793,eungyeonggim@example.org
418,최상철,90861,인천광역시 남구 오금804로 (지훈권면),02-7998-3272,seongho76@example.net
419,김춘자,25810,서울특별시 송파구 압구정805거리,054-256-9602,jiai@example.com
420,김건우,83486,부산광역시 노원구 개포7거리,064-776-1370,jungsu09@example.net
421,배현숙,70663,충청남도 성남시 잠실078가,042-736-1510,yeongsubaeg@example.com
422,한승민,12234,광주광역시 서대문구 반포대2거리,033-047-1827,ecoe@example.net
423,김영숙,62810,강원도 성남시 중원구 삼성60길 (정자이리),063-178-5749,pi@example.com
424,최영순,17839,광주광역시 중구 삼성23길,011-193-0799,sugja95@example.net
425,허숙자,83530,세종특별자치시 중랑구 압구정61거리,017-811-8021,iminsu@example.com
426,최지원,41739,전라북도 춘천시 반포대4가,032-755-1356,jinhoyun@example.org
427,김동현,44459,전라남도 서산시 서초중앙14로 (정희김면),032-048-3183,seonghyeon98@example.net
428,김미영,15760,대구광역시 중구 선릉9가 (재호이김읍),063-077-1662,bagyeongsu@example.com
429,권명숙,31253,광주광역시 북구 서초대452거리,055-652-6136,gimcaeweon@example.net
430,이은지,21797,충청북도 청양군 서초중앙523거리,041-871-3044,seoyeonggim@example.com
431,송민재,12402,전라북도 안산시 단원구 잠실5길,061-291-9032,jinhojang@example.org
432,김수민,46038,강원도 고양시 일산동구 서초대가 (지우김김동),043-203-3479,jaehyeongim@example.org
433,임명자,03516,경기도 구리시 역삼길 (은지김읍),070-7754-8196,nbag@example.net
434,장병철,27993,서울특별시 강서구 잠실가 (아름이동),010-0587-3061,iseungmin@example.com
435,김순자,86093,울산광역시 용산구 봉은사로,032-648-9917,agim@example.net
436,윤영진,52141,부산광역시 중구 서초대98가 (혜진허김동),011-676-7606,hyejin30@example.com
437,이영미,49218,대전광역시 동대문구 강남대0거리,054-165-9674,seoyun58@example.com
438,이하윤,58556,울산광역시 동구 오금로 (진우구마을),031-576-8222,igim@example.com
439,김준영,30308,경기도 천안시 서북구 반포대로,031-856-5483,jongsu40@example.net
440,김예진,19149,경상남도 청양군 선릉533가,062-051-5615,gimgwangsu@example.com
441,이지원,68716,대구광역시 남구 오금길 (상현이마을),041-398-5231,cunjaryu@example.com
442,이혜진,75446,강원도 춘천시 도산대6로,02-1947-9672,minjaegim@example.org
443,박준혁,31792,충청남도 이천시 테헤란565거리 (정수이읍),043-082-1011,gimbyeongceol@example.org
444,김경숙,30769,경기도 동해시 삼성가 (정남이김면),010-0452-2054,hanjeongja@example.org
445,최경희,69383,제주특별자치도 의정부시 선릉23길 (은주이면),053-044-1406,pgang@example.net
446,김채원,08447,전라남도 과천시 역삼로,051-432-9581,jaehyeon04@example.net
447,윤성훈,16632,광주광역시 강남구 백제고분4로 (영식최안마을),043-898-9260,siugim@example.com
448,이서영,52034,강원도 예산군 강남대27거리 (명숙최마을),042-954-1297,junyeong45@example.org
449,김윤서,39076,서울특별시 금천구 논현011길 (민서오김동),054-678-5273,yeongsug26@example.net
450,김영일,56427,인천광역시 도봉구 오금4길,02-4461-0332,junhoi@example.org
451,이옥순,81879,울산광역시 중랑구 봉은사로,018-469-7262,gimsugja@example.com
452,장성현,00262,강원도 수원시 장안구 압구정0길,011-084-9011,gyeongsug21@example.org
453,김수진,65454,광주광역시 서초구 도산대길,062-930-5310,donghyeonhan@example.com
454,윤수빈,19801,부산광역시 광진구 서초중앙35거리 (건우김읍),044-369-6658,gimjihu@example.net
455,이성민,76405,제주특별자치도 제천시 봉은사36거리 (정희김조동),010-7530-0092,fbag@example.org
456,김정남,47535,제주특별자치도 부천시 소사구 압구정41가,033-494-8843,miyeongi@example.com
457,최순자,62459,경상북도 제천시 영동대55길,063-914-9882,hbag@example.com
458,김민재,79450,대구광역시 은평구 오금35로 (준호이강리),019-591-0269,bageungyeong@example.org
459,김성민,37629,전라남도 천안시 동남구 역삼388로,062-006-9667,byeongceol35@example.org
460,안예지,23956,경기도 동해시 강남대길,053-472-3160,songgeonu@example.org
461,황지혜,31725,충청남도 용인시 수지구 강남대길 (성민황읍),042-322-7729,isugja@example.org
462,박상훈,03749,충청남도 의왕시 선릉거리,063-563-6727,zgim@example.net
463,박서현,97511,전라남도 안산시 압구정644가 (수민김김리),064-739-2826,heominji@example.org
464,전영순,59108,강원도 음성군 논현거리,051-880-2991,jangseojun@example.net
465,김현주,81665,울산광역시 종로구 도산대9가 (준서박마을),041-211-5813,munyujin@example.com
466,김미영,94102,충청남도 천안시 서북구 석촌호수거리,010-4903-9294,ihyeonji@example.org
467,김옥순,90574,울산광역시 양천구 테헤란가,041-010-0296,cjang@example.net
468,장현숙,49622,인천광역시 동구 서초중앙거리,032-308-5873,obag@example.com
469,박민수,27948,인천광역시 영등포구 역삼5거리,055-107-6470,wo@example.org
470,차종수,01108,대전광역시 영등포구 선릉2길,031-387-9317,hwangyeongsun@example.org
471,남은경,96398,경상남도 충주시 반포대거리 (진우이면),064-703-0091,dgim@example.org
472,주정수,86148,경상남도 용인시 기흥구 서초중앙65로,053-923-9390,iseongjin@example.com
473,최경자,82931,경상남도 동두천시 선릉거리,051-947-7907,xgim@example.com
474,박준혁,15727,서울특별시 마포구 서초중앙1로 (상훈엄리),041-676-2515,areum74@example.net
475,김경수,21292,전라남도 철원군 영동대길,063-877-4637,lbag@example.net
476,이경수,94637,강원도 공주시 잠실로,033-669-6025,hanjunyeong@example.com
477,송서준,67308,세종특별자치시 광진구 서초대길,063-327-0543,eunyeong17@example.com
478,안현숙,16512,경기도 태안군 반포대거리 (성현김박리),033-722-1039,bbae@example.net
479,최정호,99176,세종특별자치시 용산구 잠실거리 (상훈김지마을),031-837-6034,gimareum@example.com
480,서윤서,12380,충청남도 성남시 중원구 서초대길,052-248-7904,miyeong41@example.org
481,이은지,58473,인천광역시 서초구 잠실길 (영식김읍),031-002-5594,yeonghyii@example.net
482,조상철,24788,대구광역시 관악구 강남대가,02-5336-3024,vgim@example.org
483,김영희,25889,세종특별자치시 서구 역삼76길 (지연문김동),055-570-4894,eunseo31@example.net
484,이준혁,06549,경상북도 제천시 압구정7길 (정숙노주리),018-348-8082,ngim@example.net
485,김예원,80137,경상남도 안산시 개포로 (도윤김면),017-119-3241,gi@example.net
486,이영희,12518,충청남도 영월군 선릉거리,043-479-6944,fi@example.net
487,김지훈,94360,경상북도 태백시 강남대로 (미경김면),070-9949-8359,sunjajang@example.com
488,양현주,69650,충청남도 가평군 서초대43길 (옥자황손면),041-320-3221,gimseonyeong@example.net
489,이은지,14606,대구광역시 동작구 가락로,054-735-8273,yejunu@example.net
490,장지우,17446,광주광역시 도봉구 선릉16길 (순옥이차동),02-7922-5241,kbag@example.com
491,류현지,08419,충청북도 정선군 봉은사658로 (성현최손읍),02-1003-0868,yejun86@example.org
492,권정식,95191,경기도 부천시 오정구 압구정21거리,032-477-1378,bagseonghyeon@example.org
493,남정희,52173,강원도 화천군 서초대로,031-302-9579,seoujin@example.org
494,황은영,27063,경상남도 부천시 오정구 테헤란로,033-396-3703,hyeonji54@example.org
495,류현지,19505,인천광역시 도봉구 양재천로,011-554-8275,gyeonghyigim@example.org
496,서정식,66258,세종특별자치시 구로구 봉은사로,055-901-2553,jongsu20@example.org
497,문영수,38714,경기도 홍천군 백제고분길,070-9511-8827,minjun94@example.net
498,박정남,18840,강원도 가평군 압구정가,043-029-6864,sunog31@example.org
499,진지훈,25108,전라북도 영월군 영동대0길 (현준민김면),033-542-9392,eunjeong94@example.net
500,하재현,72980,부산광역시 노원구 압구정0길,053-322-3289,ban@example.org
501,손지민,16231,울산광역시 동대문구 봉은사50로 (채원안양동),051-403-5330,igim@example.com
502,배민서,86324,전라북도 고양시 덕양구 역삼35길,053-903-6794,byeongceol83@example.net
503,윤진우,85047,서울특별시 관악구 역삼840가,051-369-8416,jaeho96@example.net
504,김성호,30004,전라남도 용인시 도산대72거리 (미영신김면),051-387-9801,bnam@example.org
505,이승민,44345,전라남도 천안시 동남구 학동9로,010-4875-7986,yeongsugcoe@example.net
506,이도현,56288,인천광역시 강남구 언주거리 (영일강읍),018-150-8577,li@example.net
507,서명숙,43346,서울특별시 중랑구 개포64로 (상현김리),062-396-7101,seonghungim@example.net
508,박지아,70702,인천광역시 서대문구 학동거리,055-221-9181,imiyeong@example.net
509,김시우,10978,충청남도 용인시 압구정로,062-524-1281,miyeongcoe@example.org
510,성지혜,09159,충청북도 춘천시 논현653거리,02-9918-6785,gimyeonggil@example.org
511,황영희,86716,충청북도 서산시 논현084가 (서영서마을),043-862-9911,yunseobag@example.com
512,윤예은,89579,울산광역시 성북구 영동대길,032-690-3814,jiyeong24@example.com
513,안민수,40669,전라남도 양주시 테헤란길,011-243-4061,eunji46@example.com
514,이영철,71514,강원도 수원시 영동대로,017-693-6258,jiyeong69@example.org
515,김현숙,93110,울산광역시 강북구 선릉419로 (정희송리),054-987-5519,ji@example.com
516,이경희,61614,서울특별시 은평구 도산대길,055-264-3492,sanghuni@example.com
517,이상철,58590,전라남도 여주시 테헤란077길 (지연박신면),064-751-8244,mijeonggim@example.net
518,이현정,66701,경상북도 고성군 백제고분92가,061-406-1447,eungyeong18@example.net
519,이민석,74553,전라남도 수원시 영통구 가락14길 (하윤김배동),061-702-5387,pbaeg@example.com
520,김영식,28045,제주특별자치도 강릉시 서초중앙가,042-504-1775,gimjihye@example.net
521,최지혜,20075,광주광역시 종로구 언주거리 (성호강이읍),053-979-8957,jeongsig43@example.org
522,이현숙,08134,인천광역시 동작구 서초중앙거리 (은정우면),031-015-1903,yejin42@example.net
523,양주원,29329,부산광역시 은평구 백제고분767가,033-367-8746,qhan@example.com
524,성예지,30154,세종특별자치시 은평구 선릉가 (경희이김동),044-509-6662,ti@example.org
525,이도현,61408,부산광역시 중랑구 도산대길,017-325-0881,yejun27@example.org
526,김춘자,17644,제주특별자치도 청양군 논현가 (준호최손읍),042-990-1957,hyeonji71@example.org
527,박준영,91006,전라북도 부천시 원미구 압구정로,033-508-1563,di@example.net
528,고예은,61227,광주광역시 중랑구 개포로 (지연김황면),02-8948-5778,jeongsug36@example.com
529,류주원,56363,경기도 인제군 반포대4길,044-775-0605,baghyeonsug@example.net
530,황숙자,98479,경기도 증평군 역삼길 (정순박리),042-025-4569,goseonghun@example.org
531,이정호,09606,경기도 서산시 선릉거리,010-1761-1445,jiyeon46@example.com
532,김영미,68331,광주광역시 서구 역삼길,042-342-3083,li@example.org
533,차하은,03873,광주광역시 용산구 오금1로,031-323-1260,ryuseongho@example.org
534,백정수,45987,서울특별시 성북구 개포가,053-725-9215,areumryu@example.net
535,안영환,33239,세종특별자치시 은평구 석촌호수길,032-893-6471,yhong@example.org
536,이정웅,24883,충청북도 부여군 서초중앙533로,010-5112-1494,rgim@example.org
537,이정숙,97133,인천광역시 강북구 도산대가 (영수이동),061-389-8696,jeongsig60@example.org
538,김지은,51797,세종특별자치시 동구 반포대81거리 (현준김조동),054-174-2434,jiu57@example.com
539,이지은,66073,부산광역시 북구 영동대131거리,033-543-5726,isunog@example.org
540,이영일,41655,부산광역시 금천구 강남대가 (혜진김김면),031-738-9539,seoyeon38@example.org
541,김동현,13491,충청남도 당진시 서초대거리 (중수오박면),010-4288-9793,dgwag@example.com
542,이상호,94328,부산광역시 동작구 도산대382거리 (민석김손읍),044-147-0367,junyeong51@example.net
543,최영철,06182,경상북도 횡성군 압구정로,010-7311-9166,sugja76@example.net
544,김종수,15276,부산광역시 종로구 오금442길 (지아최읍),016-268-1392,jihyeongim@example.net
545,남민서,40145,제주특별자치도 계룡시 오금거리,011-745-7453,di@example.org
546,심서윤,79897,경기도 연천군 논현로,010-5732-8668,iyeongja@example.com
547,김미정,08376,서울특별시 북구 잠실거리 (하은우동),011-627-1772,khong@example.net
548,황정호,19360,대구광역시 노원구 양재천3거리 (준혁송허마을),019-021-2121,cbag@example.org
549,김성훈,55278,세종특별자치시 동대문구 반포대687가,011-690-0520,junhyeogbag@example.org
550,남수진,53254,경기도 부여군 삼성10로 (아름오최동),017-890-8603,coejiu@example.org
551,김정남,11474,전라북도 안산시 단원구 언주길 (명숙이마을),016-515-0078,yeongsumin@example.org
552,김경숙,14897,충청북도 용인시 언주가 (명숙임지리),041-616-3538,eunji41@example.org
553,박영환,12675,경상북도 부천시 오정구 서초중앙가,018-737-9885,munseonyeong@example.net
554,박병철,54410,경상남도 양평군 선릉가 (성호이유리),053-805-2304,ngim@example.org
555,이경숙,87707,광주광역시 북구 압구정5길 (건우서차면),063-763-5330,kseo@example.net
556,윤경자,89123,충청북도 의왕시 가락296거리 (영숙이김읍),044-753-7096,gimyeongsun@example.org
557,김진호,14634,세종특별자치시 관악구 양재천135가,011-618-7629,hyeonu44@example.net
558,김동현,16614,충청남도 청주시 흥덕구 봉은사길 (동현이최동),017-086-2568,seoyeongseo@example.org
559,김민서,09695,충청북도 서천군 선릉25가 (영숙김이리),018-450-6975,abag@example.net
560,한영식,86535,경기도 부천시 원미구 잠실거리 (진호나김마을),010-0183-6109,sanghun91@example.net
561,우민준,60696,충청남도 강릉시 서초대길 (미숙허읍),051-129-4776,gimjinho@example.com
562,김수진,09971,부산광역시 은평구 서초대1거리 (은주이장읍),062-360-2599,jihuncoe@example.com
563,박우진,37693,제주특별자치도 청주시 서원구 학동742길 (지연박이면),031-113-8229,hyun@example.net
564,류재현,47137,경상남도 예산군 논현0길 (현주이동),044-534-9701,jgim@example.net
565,임선영,79644,경상남도 남양주시 언주로 (명자이김동),02-7566-6079,hyeonsug82@example.com
566,이승민,58535,충청남도 홍성군 개포로 (서현최읍),042-952-6777,rmun@example.com
567,장종수,25936,경상남도 안양시 만안구 영동대길,062-680-9294,ai@example.com
568,이경숙,37439,경기도 양구군 오금로,033-457-9006,gimyejin@example.com
569,이상훈,21515,경상남도 증평군 오금65길 (지은민이리),055-865-5637,seonghun98@example.org
570,김경수,82186,대전광역시 성북구 삼성로,043-242-7359,seonghun15@example.org
571,이현주,36603,인천광역시 동작구 봉은사길,033-906-9014,ri@example.net
572,김서윤,25733,대전광역시 종로구 반포대2가,063-948-7875,baggwangsu@example.net
573,윤재현,47908,충청북도 아산시 서초중앙6가 (아름박이면),016-277-6490,yeongsuggwag@example.net
574,윤영미,61231,충청북도 성남시 양재천거리 (상호김이리),018-604-0663,gwangsuson@example.net
575,김준혁,22402,울산광역시 마포구 압구정3로,051-223-6605,gimseongmin@example.com
576,강성수,43156,경상북도 청주시 상당구 삼성682로 (영철황면),063-420-8275,myu@example.com
577,이지은,44457,강원도 평택시 잠실9길,052-126-7825,yejin42@example.net
578,김영순,38843,전라남도 인제군 역삼25가 (준호김마을),041-316-9229,iyeongja@example.net
579,허정숙,63867,세종특별자치시 강동구 가락거리 (정웅홍최마을),033-915-5685,noyeongja@example.com
580,권상호,37429,울산광역시 강북구 논현8로 (상철박마을),055-339-9756,zgang@example.org
581,이민석,68851,부산광역시 양천구 영동대4가,063-764-2277,ujinhong@example.net
582,김현숙,50679,대전광역시 은평구 반포대32거리 (상현최면),041-019-4683,coeyejin@example.net
583,박지영,91267,세종특별자치시 구로구 오금길,043-807-9769,bagseongsu@example.com
584,김민재,91149,서울특별시 금천구 백제고분2거리 (영진최면),017-167-3580,minjae57@example.net
585,김민재,42359,인천광역시 서초구 압구정67거리,019-894-6932,yujinbag@example.com
586,윤승민,35985,서울특별시 동구 오금4로,062-205-7582,ri@example.org
587,김현우,39506,서울특별시 중랑구 삼성39로 (미정김리),052-423-5555,jaehogim@example.org
588,송경수,47294,세종특별자치시 서구 논현250길 (준호이권면),019-868-4976,nson@example.com
589,백은주,44694,전라북도 김포시 잠실로,052-014-4291,doyungim@example.com
590,박영식,53319,제주특별자치도 평택시 양재천로 (현준김김읍),070-9265-4070,pseo@example.org
591,강정순,34282,경상남도 영월군 테헤란길 (시우고리),053-788-8111,ii@example.org
592,이지영,41364,대전광역시 종로구 석촌호수2거리,032-360-8412,ryuseohyeon@example.org
593,강민석,54264,제주특별자치도 안산시 단원구 가락8가,011-232-0899,so@example.com
594,손은영,31441,충청북도 증평군 가락753거리,011-610-8515,iyeongho@example.net
595,박민지,71844,광주광역시 구로구 언주515길 (영순홍리),019-423-7625,gimyeongsug@example.com
596,이주원,24085,대구광역시 강북구 삼성78거리 (민석김김동),052-067-2421,gimgeonu@example.org
597,강아름,81385,경상남도 안성시 서초대821거리 (선영윤황읍),061-549-8462,gi@example.com
598,최성현,06276,전라북도 남양주시 양재천816로 (순옥김박마을),043-064-9121,isunog@example.com
599,김준영,30967,충청남도 보은군 개포487로,018-449-6497,eunji43@example.com
600,이승현,03323,부산광역시 광진구 논현4길 (우진권리),016-716-9196,sgim@example.net
601,박영수,96039,세종특별자치시 금천구 잠실가 (상훈고김읍),052-357-6514,gimhyeonji@example.org
602,양예원,47804,경상북도 광명시 반포대거리 (민수윤면),031-903-6206,sbag@example.com
603,홍성수,43360,경기도 가평군 개포83로 (지혜손리),019-712-1493,jeongjanam@example.org
604,김준호,21751,전라남도 용인시 수지구 잠실403로,017-989-6784,eunjeong16@example.net
605,이승현,80537,대구광역시 종로구 백제고분2거리 (숙자김리),052-910-4622,egim@example.org
606,우하윤,78148,서울특별시 중구 테헤란로 (영철이김마을),054-704-1865,gimjunho@example.net
607,김지훈,68135,광주광역시 용산구 봉은사로,02-8292-3704,baegjeongsu@example.org
608,이지우,41613,광주광역시 구로구 봉은사69길,043-191-2440,jiweon25@example.com
609,김예은,56330,전라남도 평창군 봉은사로 (서준차동),052-196-2684,yeongho32@example.com
610,남민석,82290,전라북도 부천시 양재천길,043-230-1781,mi@example.com
611,박지혜,55492,대구광역시 종로구 잠실2로,053-718-4729,junseo40@example.org
612,최민재,84248,충청남도 용인시 수지구 학동길 (예원김김면),019-587-7966,jiu73@example.com
613,김예원,29265,제주특별자치도 성남시 서초중앙가,019-978-4996,eunyeong07@example.net
614,김수진,87706,경기도 청양군 서초대로,044-725-6828,eunyeong57@example.org
615,윤하윤,44682,충청남도 동두천시 서초중앙2로 (은경김리),043-979-9055,seongjinbag@example.com
616,김숙자,56506,전라북도 용인시 수지구 학동길 (옥자김배마을),052-460-9502,yi@example.net
617,최정순,00647,광주광역시 북구 도산대3거리,061-929-5214,coehyeonu@example.com
618,김영호,47035,경상남도 양평군 압구정289로 (승민최면),061-501-0255,byeongceol65@example.com
619,서재호,50487,전라남도 단양군 역삼로 (지훈강동),032-835-6218,ryujungsu@example.com
620,박준서,36481,전라북도 청주시 흥덕구 선릉거리 (성훈권김읍),052-419-6161,ugim@example.org
621,김은주,54856,부산광역시 마포구 개포거리,017-545-3992,ganghyeonjeong@example.org
622,백성진,73779,전라남도 시흥시 삼성42거리,054-177-8683,yeongsig30@example.com
623,한영자,93582,경상북도 동두천시 테헤란거리 (민서윤손리),019-768-2019,gimyeweon@example.com
624,김정수,40458,경상남도 이천시 강남대가,052-160-5238,jeonghungim@example.com
625,이병철,93136,광주광역시 강동구 학동길 (예준한동),042-056-8337,hansiu@example.com
626,심광수,29722,대구광역시 강북구 선릉790가,063-838-4015,gimyeji@example.org
627,송영환,66006,대전광역시 관악구 봉은사로 (정수권엄마을),055-572-4635,yeji85@example.net
628,김광수,43121,강원도 횡성군 강남대24가 (예준이최면),062-551-3196,ogjamun@example.net
629,이영숙,29778,경상남도 포천시 서초중앙7가 (현지최류리),011-634-1496,yeeuni@example.net
630,김현숙,62496,인천광역시 노원구 학동362가,016-068-5231,junhyeog69@example.org
631,윤순자,68091,대전광역시 용산구 학동20가,017-312-2661,jaeho61@example.com
632,조민재,27450,경상남도 포천시 개포거리 (시우손동),061-728-1068,gwangsu82@example.com
633,허도윤,72815,충청북도 화천군 강남대82거리 (정순홍동),053-520-1442,seonghyeon39@example.net
634,민민서,21288,인천광역시 양천구 봉은사09길,033-467-0099,qgim@example.net
635,이성훈,24525,경상남도 김포시 도산대길,033-746-6851,xi@example.com
636,오경숙,54306,서울특별시 양천구 영동대994가 (영숙김동),041-727-1289,gangeunseo@example.com
637,장미영,54401,세종특별자치시 광진구 테헤란949거리 (명숙박정면),055-492-1104,kbag@example.org
638,김종수,45333,경상남도 음성군 학동로 (재현조면),063-368-4405,yeongmigim@example.net
639,박승현,36561,제주특별자치도 속초시 오금거리 (미영배면),041-965-9173,wgim@example.com
640,허미정,11297,서울특별시 서구 강남대길,016-301-2589,seoyeongsig@example.org
641,김서영,67977,제주특별자치도 시흥시 백제고분길,017-844-0779,yeongsuca@example.net
642,박영자,33811,세종특별자치시 도봉구 영동대8로,031-181-3994,gyeongsugwag@example.net
643,송준혁,14324,경상북도 홍천군 가락거리 (지후이읍),033-144-5936,iyeongho@example.org
644,구동현,02809,경상남도 서산시 삼성6로,016-128-3588,areum48@example.com
645,이수민,06451,서울특별시 북구 봉은사가 (순옥김마을),064-779-3489,seongmin38@example.org
646,김지영,59565,경기도 제천시 압구정가,052-473-4288,ygang@example.com
647,이정순,56469,부산광역시 은평구 논현로,044-771-4355,gimsumin@example.net
648,최명숙,15303,울산광역시 남구 학동740거리 (주원김김읍),031-975-5879,coemyeongsug@example.org
649,이경수,05924,충청북도 광주시 선릉거리,062-860-4525,donghyeonhan@example.org
650,김정훈,05550,대전광역시 북구 잠실107로 (미경김리),033-069-2054,ijongsu@example.net
651,김지훈,05123,강원도 원주시 오금로 (민수노진리),031-092-9166,jeongsu68@example.net
652,김영수,70640,경상북도 용인시 역삼가 (유진손마을),041-693-7337,gimgwangsu@example.org
653,이정수,03895,경기도 서천군 가락98길,031-034-5527,jinujo@example.net
654,박지현,07240,경상북도 부천시 역삼길,043-730-4742,sanghungim@example.com
655,김경자,57144,충청북도 부여군 학동로,064-730-1545,isin@example.org
656,이진우,02210,경상북도 구리시 서초대49가 (성현차하동),041-983-6512,wjang@example.com
657,윤민석,98097,세종특별자치시 영등포구 오금길,063-478-0057,yeongil61@example.org
658,김경희,45492,충청북도 충주시 봉은사18길,053-098-9177,ogsun32@example.net
659,이성민,76160,세종특별자치시 서구 오금가 (성민윤이동),043-309-4104,gimyeongceol@example.org
660,박미경,57906,세종특별자치시 중랑구 논현길 (서준김동),052-541-5081,eungyeong55@example.com
661,강중수,65976,광주광역시 양천구 강남대길,017-066-1816,junhyeog45@example.com
662,김아름,39841,전라북도 삼척시 서초중앙거리,054-042-9426,areumji@example.com
663,황준영,58364,전라남도 김포시 테헤란086가 (경자류동),061-351-4881,sujin24@example.org
664,장진우,73660,경상북도 성남시 중원구 서초중앙길 (영호이김면),033-594-5758,seohyeonju@example.org
665,박성민,55599,강원도 고양시 일산동구 테헤란21가,042-049-9689,mjang@example.org
666,권민수,72221,울산광역시 노원구 서초대4거리 (성민최리),010-1050-1758,gangyeji@example.org
667,안영미,49775,충청북도 시흥시 삼성길,043-712-6577,qbag@example.net
668,이준혁,00601,강원도 정선군 언주024로 (지현김나읍),032-738-7073,seonghocoe@example.net
669,김민재,98820,강원도 태백시 가락9로 (준호김리),064-799-9091,yejin52@example.com
670,배정호,42686,광주광역시 중구 양재천26거리,031-578-5655,iseonghun@example.org
671,심광수,26220,전라남도 안양시 백제고분082로,042-645-5774,jeongjieun@example.net
672,권영진,89831,전라북도 용인시 처인구 역삼거리,063-405-6325,siusong@example.com
673,류수빈,40938,대구광역시 광진구 백제고분1길 (영진윤면),051-886-5167,jihu29@example.net
674,김숙자,53405,부산광역시 영등포구 테헤란가,051-196-5346,iyeonghwan@example.net
675,배수빈,02991,인천광역시 마포구 봉은사4거리 (성수윤오동),062-627-9397,jeongjago@example.org
676,최지혜,52298,세종특별자치시 강남구 압구정길 (도윤이한마을),054-768-3828,ijia@example.net
677,강현지,12640,강원도 양주시 강남대가,019-314-0491,eunyeongo@example.org
678,차정남,76680,충청남도 시흥시 잠실90길,032-483-3221,gimjaeho@example.net
679,최아름,30729,부산광역시 남구 봉은사48로,018-509-2488,ocoe@example.net
680,박준혁,25807,전라북도 태백시 테헤란417거리 (은정김홍동),051-874-3621,gimsunog@example.com
681,권수빈,67023,대구광역시 성동구 영동대1로,044-664-9353,jinho36@example.org
682,문영호,93076,경상남도 춘천시 도산대92거리 (주원김마을),017-476-2158,jeonghun24@example.org
683,김병철,10694,서울특별시 은평구 반포대5거리,053-927-5858,ugim@example.com
684,박준호,39428,경상북도 영동군 선릉340거리,017-444-4321,fi@example.com
685,주정웅,22484,충청북도 군포시 영동대473가 (수빈양안리),054-044-3404,minjio@example.org
686,김정자,66811,전라남도 청양군 역삼9로,032-061-0920,jiu48@example.org
687,송성진,85782,강원도 옥천군 서초대로 (윤서최문동),064-731-8523,coesanghun@example.org
688,윤도윤,82341,광주광역시 종로구 잠실로,051-349-2431,siu32@example.org
689,오경수,13390,세종특별자치시 관악구 선릉거리 (정웅성박동),052-643-6866,cunjagim@example.org
690,문영숙,29997,제주특별자치도 양구군 도산대39길 (상훈고김면),054-565-2329,jeongsugim@example.com
691,이상철,41740,대전광역시 강남구 선릉로,063-293-8112,ubag@example.net
692,김성민,22243,전라북도 안산시 도산대가,033-714-8801,eunyeong58@example.com
693,노정호,41339,제주특별자치도 용인시 기흥구 개포가,064-779-4626,jiyeoni@example.net
694,이수민,45781,대전광역시 종로구 서초대12거리,044-518-9457,seunghyeon69@example.org
695,이지민,32618,인천광역시 동구 양재천940거리,016-485-9144,lseo@example.net
696,권현주,21836,충청북도 청주시 서원구 봉은사가,032-814-6803,jeonghyibag@example.com
697,김현준,19820,울산광역시 동작구 압구정2가 (경자윤읍),055-763-7868,kjang@example.net
698,이성현,31769,대전광역시 강서구 도산대26가,063-418-0035,tgim@example.net
699,김건우,21674,대구광역시 강서구 반포대가,019-841-2883,jeongung24@example.org
700,이정웅,47610,부산광역시 구로구 봉은사길 (영자고읍),043-353-8048,doyun71@example.com
701,김정수,79011,대전광역시 영등포구 강남대로 (지현지마을),041-211-6782,ijihun@example.org
702,배미영,69089,부산광역시 북구 서초중앙10거리,061-279-3652,seonyeong48@example.com
703,김미경,32423,경상북도 안양시 도산대가 (영숙박리),070-4152-3102,pgim@example.com
704,이정숙,05152,울산광역시 동구 논현1로 (보람성리),053-804-4112,jeonghyii@example.org
705,박도윤,14059,울산광역시 강북구 개포로,055-021-7441,sugjasin@example.net
706,이은주,14975,서울특별시 성동구 학동가 (서윤진김리),055-230-7374,yujincoe@example.com
707,박채원,35031,부산광역시 중구 개포로 (보람이김마을),042-420-5733,ihan@example.com
708,홍옥자,31871,충청남도 천안시 서북구 반포대66길 (준서최면),055-177-8312,jeonghogim@example.org
709,김명자,76176,전라북도 동두천시 석촌호수로,063-907-3584,myeongsug94@example.org
710,이정숙,89309,전라남도 홍천군 가락01거리 (은경권김읍),02-2060-9869,sunjagim@example.com
711,이명자,43640,제주특별자치도 성남시 수정구 잠실34로,053-252-5836,thong@example.net
712,한보람,14254,제주특별자치도 용인시 처인구 서초대가,031-592-7118,ijeongsug@example.com
713,김민수,16928,광주광역시 동대문구 강남대93로,054-470-4127,iseoyeong@example.com
714,이순옥,55051,충청남도 단양군 백제고분가,052-783-4485,gimogja@example.org
715,김지아,65570,전라남도 김포시 석촌호수09로 (영순이면),032-252-1736,rgim@example.net
716,서재현,48423,충청북도 부천시 개포44가,070-5732-2822,ksong@example.org
717,고은영,68262,광주광역시 강동구 압구정97길 (영호김박리),010-7358-6634,jiyeon61@example.com
718,조서준,13446,충청남도 청주시 서원구 양재천168가,019-636-4714,sujin31@example.com
719,최동현,76088,부산광역시 서구 압구정3길 (예준장리),02-2803-3659,hwangjeongsun@example.com
720,이은영,86113,세종특별자치시 용산구 가락4거리,033-872-8708,gimyejun@example.org
721,임지영,78233,대구광역시 노원구 테헤란로,054-401-6835,ahwang@example.net
722,장정식,86053,경상남도 수원시 팔달구 테헤란24로,033-090-2081,yejin57@example.org
723,박보람,94315,충청북도 단양군 백제고분길,055-857-8388,juweongim@example.com
724,김서연,60962,광주광역시 송파구 테헤란가 (병철박마을),061-052-4782,idoyun@example.net
725,김병철,02928,경상남도 원주시 가락8거리 (아름이면),044-999-7512,icunja@example.org
726,김예원,41862,경상남도 양양군 역삼거리 (성진최이면),063-335-2558,fryu@example.com
727,하도윤,82564,경상남도 수원시 팔달구 석촌호수로,032-402-7642,gimyeongceol@example.net
728,권건우,42633,제주특별자치도 의왕시 역삼86로 (영길이마을),062-820-1033,mbae@example.com
729,조숙자,64680,인천광역시 구로구 봉은사거리 (영미김노마을),055-776-4112,myeongsugi@example.com
730,우민준,98361,전라북도 고양시 오금길,016-643-2701,gimjeongsig@example.org
731,김영환,55166,광주광역시 관악구 가락가,02-6882-2647,uo@example.net
732,김영진,65589,경기도 용인시 학동로 (상훈이안마을),055-552-2093,jcoe@example.com
733,이주원,04147,대구광역시 성동구 잠실가,055-954-4940,gi@example.net
734,권영미,21019,광주광역시 중구 논현가 (도윤김장면),041-583-9824,obae@example.org
735,진정희,49303,광주광역시 영등포구 서초중앙55로 (서준최손면),02-6692-8764,ijihu@example.net
736,류동현,53878,대전광역시 도봉구 봉은사거리 (정순황리),055-537-9752,ojeonghun@example.net
737,강순자,12515,충청남도 진천군 석촌호수길 (종수권면),033-229-7876,ji@example.com
738,이선영,79129,부산광역시 강서구 백제고분로 (예은송남리),031-553-0142,bgweon@example.org
739,오예은,64544,대전광역시 동작구 테헤란73로 (경숙박리),061-759-0701,seoyungim@example.org
740,황영철,63351,전라남도 단양군 선릉53가 (상철최이동),032-431-2377,gimyeongja@example.org
741,문정순,75198,대구광역시 중구 삼성길,063-577-4832,eunjii@example.org
742,김영일,76476,제주특별자치도 안산시 단원구 강남대로 (주원강리),010-5976-0740,gnam@example.net
743,안은경,71760,대전광역시 동대문구 압구정2가,041-966-7196,yeonggil12@example.org
744,김지훈,54897,전라북도 의정부시 학동86거리,042-436-3342,baggyeonghyi@example.com
745,배상현,80696,강원도 청주시 서원구 양재천거리 (진호김김면),011-195-8687,lno@example.org
746,이예준,25336,경기도 동두천시 도산대길,010-9394-0837,ogweon@example.org
747,강준호,27953,인천광역시 중랑구 양재천로 (지은김이리),016-588-0451,mnam@example.org
748,장서준,40107,인천광역시 도봉구 학동5로,053-326-6533,gyeongjayun@example.net
749,서경숙,13263,전라남도 평택시 서초중앙97로,018-219-0106,ujin34@example.org
750,윤준혁,17980,대전광역시 영등포구 강남대가,033-298-2710,gangogja@example.net
751,박지아,49360,세종특별자치시 영등포구 역삼075로 (지현송동),032-424-4302,hanseoyeong@example.net
752,박우진,96942,강원도 화성시 백제고분가 (영순김김읍),017-475-2447,ogim@example.org
753,이영희,85307,제주특별자치도 삼척시 가락가 (성현김이리),032-355-7780,yeongceolgweon@example.net
754,김승현,65821,울산광역시 송파구 백제고분거리,064-744-8896,sbag@example.net
755,한영순,28340,서울특별시 강남구 양재천길 (영희김면),061-913-1529,hyeonjeonggim@example.com
756,이경희,60901,대전광역시 동대문구 테헤란0거리,044-130-2998,gojihun@example.org
757,윤경희,01482,서울특별시 마포구 논현거리,044-759-8467,jeongsugim@example.com
758,이영순,06654,강원도 청양군 도산대가,052-592-1372,hayun94@example.org
759,김경자,29306,울산광역시 구로구 논현가,010-8195-5237,ei@example.com
760,김옥자,93974,부산광역시 강남구 서초대거리 (수진이동),053-541-3009,dohyeoncoe@example.net
761,안동현,68014,경상남도 양주시 서초대937로 (성민서이리),070-0411-2166,sinsumin@example.com
762,이춘자,99214,경상남도 양주시 테헤란길 (정자김면),043-529-0245,iseonyeong@example.org
763,권우진,63363,경상북도 양평군 영동대로,018-593-7407,jiyeongceol@example.org
764,유서현,59581,전라북도 옥천군 테헤란로,010-7292-8988,jbag@example.org
765,황준혁,86539,전라남도 김포시 선릉가,042-603-1202,yunseoi@example.net
766,강지영,10380,충청북도 하남시 압구정로,02-1186-2332,ogsun08@example.com
767,양영길,45895,경상남도 태백시 가락2가,010-5067-0587,yeongjin36@example.org
768,김정훈,58156,대전광역시 광진구 도산대047길 (현정김리),016-384-0929,kgim@example.org
769,김민지,44835,제주특별자치도 증평군 가락81길 (정수박면),032-794-2349,fi@example.net
770,김승현,18300,제주특별자치도 광명시 봉은사거리,062-933-3477,junhyeog85@example.org
771,김우진,61712,인천광역시 관악구 압구정거리,053-032-7230,qji@example.com
772,허서윤,56752,대구광역시 동작구 선릉256거리 (영순이면),016-041-9406,jaeho79@example.org
773,이은정,28142,경상북도 청주시 흥덕구 양재천8길,011-524-2549,ybag@example.org
774,한예준,67999,광주광역시 송파구 개포로,02-2960-6593,jangseungmin@example.com
775,이우진,89250,경상북도 부천시 역삼0가,042-860-6448,ogja98@example.net
776,박영진,21151,경기도 강릉시 백제고분76거리 (준영장마을),018-274-7311,iboram@example.com
777,김영길,67438,제주특별자치도 태안군 테헤란로 (정자조면),051-551-1237,sanghoi@example.org
778,서민수,65160,대전광역시 종로구 선릉22거리,043-169-2444,haeuni@example.net
779,이영호,35678,경상남도 수원시 언주로 (미정김리),055-603-5509,hwangmyeongsug@example.com
780,임현지,64648,충청북도 속초시 가락401길,051-518-3006,jangboram@example.com
781,임재현,05540,경상북도 논산시 봉은사길,041-084-8177,cgang@example.org
782,유정수,49232,충청북도 금산군 선릉6로 (은영김마을),016-742-8048,cunja87@example.net
783,박은지,84175,부산광역시 중구 서초중앙13거리,061-869-7957,yeongjagim@example.com
784,송준혁,01181,전라북도 천안시 동남구 학동52길 (주원박조동),044-295-4966,seongho69@example.com
785,김지아,06079,전라남도 하남시 테헤란470가 (승민김김리),017-968-6398,sunog71@example.org
786,손정희,47331,경상북도 청양군 봉은사거리,061-435-2156,gangogsun@example.net
787,이영수,77324,충청북도 용인시 기흥구 선릉길 (미정배리),063-522-6780,seohyeonbag@example.com
788,이지은,22833,전라남도 진천군 압구정길 (도현김동),063-042-4554,ijeonghun@example.com
789,최서영,09437,부산광역시 서초구 역삼5거리,052-977-4317,sunjagweon@example.net
790,황성민,34518,전라북도 용인시 수지구 테헤란로,061-705-8585,cunjagim@example.com
791,한진우,24567,전라북도 연천군 반포대거리 (영순김구동),010-4303-3534,gimgwangsu@example.net
792,강지훈,77309,광주광역시 서초구 영동대길 (민준이송읍),054-255-2339,yuneunji@example.com
793,남시우,17341,강원도 안성시 서초중앙거리 (지후김동),018-115-7737,kyun@example.com
794,서옥순,37630,세종특별자치시 종로구 논현거리 (재현최동),054-168-7235,namseonyeong@example.com
795,최수진,84299,경기도 평택시 압구정2가,064-769-1848,agang@example.net
796,양하은,91783,광주광역시 성북구 선릉844가 (정훈정리),02-6743-7321,doyunmin@example.com
797,안지훈,43206,세종특별자치시 관악구 언주로,052-267-9634,hyeonjucoe@example.net
798,김서현,69750,서울특별시 구로구 백제고분32거리,033-534-6275,imjeongung@example.com
799,이경수,31289,충청남도 홍성군 강남대거리,055-802-8492,gojaehyeon@example.org
800,김종수,31844,서울특별시 종로구 반포대가,031-806-2290,jeongung73@example.net
801,김우진,33712,인천광역시 강서구 개포978길,063-359-9301,hyeonsug84@example.org
802,박현지,20050,경상남도 예산군 삼성3로 (옥순심읍),019-884-4423,songhyeonji@example.com
803,김정식,07749,전라남도 김포시 백제고분38가 (현정권김동),062-686-9260,hyeonuhan@example.net
804,송지원,23425,서울특별시 은평구 서초중앙3가 (보람권동),070-9424-3182,migyeong40@example.net
805,김준혁,16218,제주특별자치도 광명시 학동4가,061-891-9942,ijeonghun@example.com
806,이준호,31825,경상남도 청주시 서원구 서초대거리 (지영오손면),063-395-6027,jgang@example.net
807,최지훈,74978,경상남도 횡성군 오금길,031-369-3825,hyeonji06@example.net
808,손경수,61055,경기도 화천군 강남대길,02-5778-2992,mi@example.org
809,이하윤,23060,전라북도 단양군 영동대가,010-1032-2968,yeongjingim@example.com
810,김상철,99856,부산광역시 강남구 언주91길 (준영최이리),064-777-2712,seonyeong86@example.com
811,박선영,94144,인천광역시 남구 압구정67로,02-6860-5816,iminseo@example.net
812,류지훈,11142,세종특별자치시 양천구 석촌호수698거리,041-113-5007,eunji35@example.org
813,송성현,52212,인천광역시 마포구 삼성12길,018-243-2515,abag@example.com
814,권서준,94513,충청북도 안산시 단원구 석촌호수가,016-325-3901,junseo76@example.com
815,박현주,35925,대전광역시 성북구 논현236길,055-922-4471,seongho30@example.org
816,조서윤,82406,전라북도 옥천군 잠실길 (정식김동),061-182-0842,jiyeong93@example.org
817,노미정,15066,전라남도 강릉시 서초대로 (중수이동),042-212-2271,gimyeji@example.net
818,박정웅,11372,광주광역시 구로구 반포대로 (순옥이동),054-006-6377,osong@example.com
819,이재현,63033,서울특별시 강남구 논현774길 (영환이동),02-1548-2701,fhwang@example.org
820,윤중수,18711,경상북도 안양시 반포대로 (정남최이읍),011-563-9727,jieungim@example.com
821,김정숙,54011,전라남도 안양시 만안구 반포대길 (명숙류동),031-967-2876,yeonghwan77@example.com
822,홍현준,40967,대구광역시 북구 오금7길 (미정김리),011-016-4535,yeonghyi12@example.com
823,이현준,63565,경기도 성남시 수정구 석촌호수67거리,017-652-1935,jeongsug02@example.com
824,배경수,98220,충청북도 연천군 도산대895거리,062-933-4043,jeonghyi04@example.com
825,이지민,69753,전라남도 성남시 영동대로,02-9929-2315,yeonggilyun@example.net
826,이은경,01602,제주특별자치도 영월군 압구정가 (성민오동),043-558-4110,seongjin11@example.com
827,송현우,13693,서울특별시 중구 석촌호수1거리 (지연지황리),031-316-4453,yeonghwan09@example.net
828,김지민,61779,전라남도 안양시 양재천로,063-934-7834,yunyeongil@example.com
829,장지은,08837,광주광역시 강남구 개포가,016-228-5285,bagjimin@example.com
830,김지후,39807,전라북도 의정부시 백제고분길 (영미우김면),064-742-9405,gwangsu41@example.net
831,이경자,98932,충청남도 청주시 흥덕구 가락가 (중수홍한면),043-508-5763,yeongilbag@example.com
832,손영환,77334,전라남도 의정부시 반포대811가 (지민김이마을),064-778-1338,rryu@example.net
833,김숙자,79119,울산광역시 동작구 영동대546거리 (영길이리),041-874-4996,hyeonjungim@example.org
834,지혜진,86806,대구광역시 강동구 백제고분거리,032-946-5504,anminjun@example.com
835,권예은,25211,충청북도 고양시 덕양구 강남대거리 (은경김마을),017-041-9627,seoyun86@example.com
836,김숙자,53720,대구광역시 중구 언주282거리 (옥자손류면),061-757-5083,jinhoi@example.org
837,박영일,10875,경상남도 청양군 서초대거리,053-543-4471,hyeonjeong29@example.net
838,조정자,52936,충청남도 천안시 서북구 가락337가,054-494-5932,ijinu@example.org
839,이예준,81096,강원도 이천시 압구정길,017-251-3099,yeongsigcoe@example.org
840,이은지,69101,서울특별시 강남구 오금가 (은지김강리),051-933-7718,jiyeongbag@example.net
841,이도윤,63423,대전광역시 성북구 언주592거리 (영길박이면),063-628-3749,jiuyun@example.net
842,김정수,90030,서울특별시 도봉구 강남대43길 (정호장마을),02-8110-7005,junseoi@example.com
843,강중수,64084,대전광역시 광진구 봉은사044가 (성훈성마을),062-294-3850,bagjeongnam@example.com
844,김현숙,70836,전라남도 부천시 원미구 봉은사0가,051-111-7916,hbae@example.net
845,이도윤,23822,서울특별시 영등포구 압구정3거리 (숙자박김마을),02-8610-4165,iseohyeon@example.com
846,류현주,37260,서울특별시 용산구 학동554거리 (영숙김리),044-091-2594,yeonghwan05@example.net
847,정정수,36419,광주광역시 성북구 석촌호수88로 (정남이박리),032-628-1310,gimjiyeong@example.org
848,김지영,58049,충청남도 성남시 중원구 오금가 (준영장리),062-191-3412,lgim@example.net
849,박정호,93667,충청북도 천안시 서북구 서초대99거리 (준서최면),032-770-5200,seungmin55@example.org
850,서예은,81863,충청남도 서천군 서초중앙길 (영식김동),041-205-0461,ui@example.net
851,김영식,52468,서울특별시 종로구 서초중앙275로,017-314-5674,yeongja45@example.org
852,강정희,72565,울산광역시 동대문구 역삼154길 (서윤김리),043-034-8335,yeeungim@example.org
853,성민서,39759,경상북도 수원시 권선구 백제고분8길 (진호김리),032-945-3914,ugim@example.com
854,서경자,41647,충청남도 충주시 석촌호수4로,043-781-0122,gwagyeonghyi@example.org
855,하현숙,33508,대구광역시 중랑구 선릉61길,063-557-8650,yeongjinji@example.org
856,김지아,65687,충청남도 음성군 개포거리,018-168-0293,jaehyeon53@example.org
857,이하은,86438,충청북도 원주시 역삼가,061-429-3882,seoyeon04@example.org
858,장서연,51502,울산광역시 용산구 가락9길 (영미이박동),041-425-5377,bagsanghun@example.com
859,김준서,19344,충청북도 보령시 학동7거리 (민지지동),055-892-5077,jiyeongbag@example.org
860,최경숙,52916,광주광역시 동작구 역삼27가 (준서최윤동),064-775-8875,migyeong81@example.com
861,박도현,82337,부산광역시 송파구 압구정가 (지우이면),033-269-2106,gimhyejin@example.org
862,강정훈,83593,부산광역시 남구 서초중앙43로,018-901-3673,ii@example.org
863,이정호,17363,울산광역시 마포구 도산대가,02-7791-4983,mo@example.org
864,류종수,40372,제주특별자치도 평택시 압구정길 (정웅최면),054-984-2272,gimhyeonju@example.net
865,심민수,73384,강원도 청주시 흥덕구 반포대길 (정순황최읍),011-573-0955,gimgyeongsu@example.org
866,신지은,93772,충청남도 아산시 영동대465길 (지원박조리),053-157-3553,seoyun18@example.org
867,박준서,08304,대전광역시 강서구 압구정거리 (지원이박면),070-5856-2690,yeongsu72@example.com
868,김수민,87289,대구광역시 구로구 개포9가 (중수권박리),011-824-5783,juweongweon@example.org
869,배지현,77485,인천광역시 구로구 개포09가 (건우박김리),032-978-7687,seoyeongbag@example.org
870,김경희,94065,대전광역시 서초구 영동대거리,016-203-8662,seongho09@example.net
871,안민재,49181,충청남도 철원군 테헤란417길,055-221-8825,yeonghosim@example.net
872,서준서,67642,경상남도 용인시 처인구 언주로 (민재김장리),017-040-9197,sugja04@example.net
873,한성진,49798,대전광역시 북구 도산대24로,043-660-3964,kgim@example.org
874,박상훈,59743,대전광역시 은평구 봉은사0길,064-744-8750,yeonghyijo@example.net
875,최경자,00400,대구광역시 강서구 영동대864길,017-950-8530,subin08@example.com
876,장은영,59188,울산광역시 동구 서초대로,043-619-0260,jaehojang@example.com
877,하상호,95672,전라북도 부천시 테헤란9길 (예준김면),018-570-4480,yunseo24@example.net
878,곽예은,05804,서울특별시 노원구 언주길,062-051-7075,gimhyeonjun@example.net
879,류도윤,69586,강원도 철원군 압구정길,02-3147-3664,qgang@example.net
880,문재현,36738,경상북도 부천시 소사구 논현거리 (예진김동),042-449-2847,iseonghun@example.org
881,송준호,47028,전라남도 구리시 삼성거리,044-608-0731,gangjunyeong@example.com
882,홍명자,36884,전라남도 단양군 봉은사6길,053-387-5262,yeongjin09@example.org
883,박영수,11001,경기도 수원시 장안구 도산대길 (서윤차면),051-664-5374,anjeonghyi@example.net
884,한지혜,91844,충청북도 논산시 잠실877가,051-449-5888,jihye44@example.com
885,이영길,55697,대전광역시 송파구 압구정6로,031-119-7440,junseoi@example.com
886,안예준,50211,충청남도 양구군 도산대818가,018-858-7193,gimjuweon@example.org
887,이도윤,03962,경기도 철원군 언주가,033-208-1330,coeyeongceol@example.net
888,황진우,40386,대전광역시 관악구 역삼591거리,051-402-2511,hwangmigyeong@example.org
889,이서준,62316,울산광역시 중랑구 선릉길,062-433-0294,vhong@example.net
890,최민준,20693,세종특별자치시 강남구 도산대가,016-232-1945,vna@example.org
891,김지우,99136,전라남도 춘천시 학동가 (준혁안김마을),070-8644-6615,sugjacoe@example.com
892,성수진,61634,인천광역시 송파구 삼성9거리,063-663-4661,ujinyu@example.org
893,나영호,68105,대구광역시 중구 석촌호수438거리,061-891-0897,tgweon@example.net
894,이은지,11152,제주특별자치도 청양군 석촌호수로,055-377-6207,ahong@example.net
895,이순옥,20146,광주광역시 금천구 서초대170길,019-437-7246,yeongil30@example.net
896,김준영,11023,강원도 청주시 청원구 백제고분가,052-957-1143,seunghyeon23@example.org
897,이예진,97807,경상북도 부천시 원미구 압구정744길,042-634-7575,jinuyu@example.com
898,김정호,43207,세종특별자치시 서구 강남대9길,055-002-7073,jungsu79@example.net
899,최성진,65815,경상남도 안산시 오금6거리 (서영김서리),042-060-2457,yeongceoli@example.com
900,김옥자,23571,대구광역시 용산구 봉은사가 (현지서이동),070-7928-1815,sunog02@example.com
901,곽은영,70584,대구광역시 노원구 도산대가 (은서김마을),051-583-2537,minsunja@example.net
902,김도윤,63899,대구광역시 북구 백제고분6로,019-661-9607,yeongjabag@example.com
903,권윤서,47943,광주광역시 은평구 삼성거리 (지현김읍),011-663-0018,bageungyeong@example.org
904,김진호,94212,제주특별자치도 남양주시 개포486로,019-329-6252,yeongmi61@example.org
905,고영미,64695,경상남도 금산군 도산대461가,042-928-5343,minsui@example.org
906,박경자,41829,인천광역시 동작구 논현로 (민서강리),062-443-4717,hyeonu57@example.com
907,문영순,65460,서울특별시 금천구 개포로 (진우이윤동),063-321-6258,sonjihu@example.com
908,김승민,55394,세종특별자치시 마포구 석촌호수29길,043-811-2534,yeongjaan@example.org
909,최준혁,97980,대구광역시 종로구 가락2로 (명숙김리),055-810-3108,qsong@example.org
910,이준서,16092,인천광역시 서대문구 백제고분가,054-019-1073,seonyeong94@example.net
911,이은지,42539,전라북도 수원시 삼성7가 (영철김리),019-074-8802,iminji@example.org
912,김지영,19771,광주광역시 금천구 역삼5거리,011-442-0186,baeeunji@example.com
913,최정숙,12413,대구광역시 영등포구 삼성길,053-334-9176,gusubin@example.org
914,김미영,97458,경상북도 공주시 오금길,032-856-4989,jeonghun76@example.net
915,김보람,64496,대전광역시 강남구 도산대거리,052-198-3887,bagjeongsu@example.org
916,서영자,28516,경상북도 고성군 강남대1로,043-156-9335,heosujin@example.net
917,이은서,48658,울산광역시 강서구 학동38로 (순자이리),010-7581-2760,bagmyeongja@example.net
918,최정식,44084,전라남도 과천시 봉은사거리 (건우홍읍),010-2769-9601,siugim@example.org
919,안순옥,96307,경상북도 속초시 개포9길,019-237-3070,junhogim@example.net
920,차미정,52875,전라북도 계룡시 도산대로 (옥자최동),018-941-9440,myeongja31@example.org
921,김정웅,51916,부산광역시 은평구 서초대6가 (현우김지마을),054-060-0615,jaehobag@example.net
922,서상현,85477,강원도 금산군 압구정거리 (성진김박리),019-345-4312,yeongmii@example.net
923,김수진,99180,울산광역시 금천구 오금48거리 (지영배읍),052-358-4758,munminsu@example.com
924,김예원,83389,충청남도 성남시 중원구 학동가 (현숙박송마을),033-757-2457,sangceolbag@example.org
925,주현우,16937,서울특별시 강남구 반포대1거리,043-794-3867,honggeonu@example.net
926,하예은,67161,충청남도 광주시 오금가 (민재김박마을),051-761-8935,igim@example.org
927,김민석,26360,제주특별자치도 제천시 개포거리 (현준김백마을),062-602-1409,hyeonuna@example.org
928,송광수,03283,서울특별시 성북구 가락7길 (순옥김김리),018-091-5079,seongmin04@example.org
929,이정식,12405,제주특별자치도 용인시 처인구 백제고분로 (민석심마을),043-560-0221,seongmingo@example.net
930,김지민,17139,대전광역시 용산구 가락가 (영일박마을),031-515-2793,sugja74@example.com
931,강민수,45352,울산광역시 강서구 논현435가,043-435-7261,iseoyeon@example.org
932,강춘자,50594,제주특별자치도 성남시 테헤란395길 (지은김이동),053-034-2473,igyeonghyi@example.org
933,장진호,15941,울산광역시 서대문구 도산대034거리 (민수이김마을),033-524-9046,gimjihye@example.com
934,오영식,66968,울산광역시 동대문구 양재천길 (정수백이리),055-876-0082,yunseo15@example.net
935,유숙자,60425,강원도 청주시 청원구 강남대길 (준영김읍),064-796-0486,gimhyeonji@example.net
936,황춘자,00997,대구광역시 서초구 서초중앙가 (정희김동),053-569-0537,seonghogim@example.org
937,전민준,73616,전라남도 천안시 서북구 테헤란22거리,017-556-0371,yejino@example.com
938,손영식,44232,광주광역시 중랑구 오금9거리 (미영이리),061-935-8072,yo@example.net
939,이영자,36257,경상북도 용인시 처인구 서초중앙거리 (수진장이면),044-922-4104,yejinhong@example.org
940,김예은,99890,서울특별시 관악구 선릉386가 (정웅김박마을),070-3692-7374,seonghyeon49@example.net
941,윤영호,20178,서울특별시 광진구 학동가,011-972-7049,gyeongsui@example.net
942,김정수,48758,전라남도 시흥시 테헤란108거리 (상훈지김리),052-516-0228,ugweon@example.com
943,남지연,01461,제주특별자치도 시흥시 강남대로 (상훈한홍면),063-248-4498,sumin60@example.org
944,이지훈,75627,경기도 영동군 잠실거리 (정훈김윤동),041-039-8345,sunja88@example.org
945,박순옥,37213,부산광역시 양천구 봉은사487로 (시우차마을),061-605-8520,cgim@example.org
946,김진우,27483,경상북도 천안시 동남구 강남대길 (정자장이리),054-848-3455,oi@example.org
947,송서윤,27247,울산광역시 관악구 테헤란거리 (성진이동),044-318-4798,anyejin@example.com
948,김도윤,04676,서울특별시 중랑구 언주53거리,053-282-7895,yujin56@example.org
949,이상현,55912,대구광역시 노원구 잠실7가,063-564-1500,yeonghwangim@example.org
950,이정숙,13744,대전광역시 성동구 영동대가,054-403-9269,eunyeongo@example.org
951,황정웅,01379,경상남도 천안시 서북구 백제고분14길,032-378-2585,jihu32@example.org
952,최영진,20113,충청남도 증평군 도산대73가,011-986-3831,seonghunjang@example.com
953,진영수,84221,충청남도 남양주시 역삼로,052-472-0675,pbag@example.org
954,백하은,17661,인천광역시 강북구 역삼5가,018-370-2697,ei@example.org
955,송옥자,33228,제주특별자치도 김포시 봉은사82거리 (상현이김리),070-8982-6973,minsu81@example.org
956,박병철,90685,경상남도 원주시 가락99가 (영호서읍),043-063-2379,hayunhan@example.com
957,김영미,73378,경상북도 속초시 오금로 (명숙배송동),032-535-3513,yi@example.com
958,이민수,99299,울산광역시 광진구 강남대9길 (아름강이면),033-391-2182,gimyujin@example.org
959,김윤서,48226,부산광역시 강북구 압구정거리,061-169-3483,dohyeonhong@example.com
960,이지혜,48867,광주광역시 동구 도산대길 (현준송리),051-705-2281,songminseo@example.com
961,김정호,26912,경상북도 음성군 개포5로 (지영황동),02-0193-6286,bagyeongmi@example.com
962,김성민,44876,부산광역시 동구 영동대로 (승민권마을),070-8859-5413,io@example.org
963,이성민,43888,대구광역시 동대문구 테헤란길,011-564-7934,gimyeongsug@example.com
964,서진우,04966,전라남도 단양군 봉은사가 (은주송리),042-909-7193,sunjai@example.org
965,하병철,88694,부산광역시 서대문구 역삼5가,016-947-6630,eunjeonggweon@example.org
966,배영철,55503,대전광역시 관악구 언주218가 (은지최읍),018-629-2798,hyeonjeongbag@example.org
967,권채원,08062,충청남도 김포시 봉은사길 (하윤문이면),018-246-0133,junhobag@example.com
968,윤보람,66509,인천광역시 서구 서초중앙65거리,055-702-8477,jumijeong@example.org
969,권은영,06555,광주광역시 금천구 영동대길 (영호오장리),017-266-9854,misug63@example.com
970,강상현,32722,전라북도 양주시 강남대720가 (순옥한유동),061-430-3365,minjun62@example.org
971,오중수,89428,인천광역시 강동구 테헤란로 (종수김이면),055-664-1070,jeongsig19@example.org
972,이옥자,59452,충청남도 안산시 단원구 서초중앙53거리,043-936-6814,jaehocoe@example.net
973,송지후,95607,경상남도 용인시 기흥구 잠실길 (영호한박읍),019-423-7845,yeongceol57@example.net
974,안정남,10268,전라남도 안양시 백제고분7길 (예원강강읍),018-552-6928,wjang@example.com
975,이예원,84484,경상북도 고양시 삼성75로,042-410-3549,hyeonsug40@example.com
976,오민서,98649,경기도 성남시 수정구 반포대030길,044-177-3702,hwanghaeun@example.org
977,안상훈,44835,인천광역시 서초구 개포길 (경수김동),054-577-5382,seongmingim@example.net
978,박영환,17458,울산광역시 성동구 도산대67길 (윤서이동),044-750-1805,cgweon@example.com
979,이경희,31327,충청북도 연천군 봉은사224로 (주원한김리),042-335-4443,iseohyeon@example.net
980,심선영,73675,제주특별자치도 보령시 반포대1길,043-507-9065,ryun@example.net
981,최수민,64892,인천광역시 동대문구 봉은사거리 (서윤박읍),063-179-2618,gjang@example.com
982,박옥순,15786,대구광역시 동구 강남대03로 (정순오리),053-212-5825,baghyeonjeong@example.com
983,이정식,27806,울산광역시 강북구 가락거리,053-498-3360,myeongjagim@example.net
984,서정희,77653,울산광역시 송파구 학동가,02-5465-5828,junho46@example.com
985,이은정,38743,광주광역시 광진구 서초대02가,064-702-1543,jongsugim@example.org
986,이옥순,99835,대구광역시 성북구 역삼가 (옥자최김면),017-149-8498,yejingim@example.com
987,류명자,30764,경상남도 가평군 개포8가,052-532-6520,li@example.com
988,이서준,75651,인천광역시 마포구 강남대가 (예준문김마을),010-2583-9214,gimjiyeon@example.org
989,윤명자,36489,전라북도 청주시 서원구 양재천거리,041-545-6537,bagminjae@example.com
990,고영미,77748,경기도 증평군 봉은사로,018-747-4086,bagjeongsig@example.org
991,강서연,38458,대구광역시 강서구 학동697거리 (지민이이동),062-001-4082,jihun77@example.org
992,최지원,91232,경상북도 수원시 영통구 개포가 (유진정리),042-861-7629,jeongsigi@example.org
993,김정수,93021,부산광역시 강서구 백제고분13거리 (지영김면),070-8827-2343,ijieun@example.org
994,오성수,46755,경상남도 계룡시 영동대거리 (미경최김면),055-859-1487,sanghohwang@example.com
995,주민지,91531,경상북도 청주시 상당구 도산대가 (도현허읍),019-948-4934,minjun04@example.org
996,김서연,24686,광주광역시 송파구 서초중앙로 (예준전박마을),070-9950-9231,jeonghyi17@example.com
997,서서준,50038,대전광역시 중구 오금로 (채원장김리),062-647-5303,rgim@example.net
998,오지현,84096,충청북도 안양시 만안구 반포대071거리,043-989-0334,jeongsugno@example.com
999,이영식,82336,인천광역시 관악구 개포길,017-329-7103,iyujin@example.com
